,Day,Year,Month,Hour,Minute,LAI.MODIS,ustar,Tair,WD,wind,NEE,FC,SC,H,SH,LE,SLE,G,TS_1,TS_2,Precip,RH,pressure,CO2_1,CO2_2,VPD,SWC_1,SWC_2,Rn,PPFD_down,SW_down,SW_DIF,PPFD_up,SW_up,LW_down,LW_out,H2O,Reco,APAR,PPFD_DIF,FAPAR,ZL,SZA
1,1,2005,5,11.24137931,15.51724138,0.3969,NA,9.531034483,254.8965517,7.265172414,NA,NA,0,NA,NA,NA,NA,6.310344828,12.49103448,10.81482759,0,52.30689655,99.10441379,NA,NA,0.619689655,31.34482759,33,242.862069,773,417.9310345,NA,76.4137931,83.48275862,275.862069,367.4482759,NA,NA,NA,NA,NA,NA,55.03855377
2,2,2005,5,11.24137931,15.51724138,0.3969,0.479636364,6.9,264.4827586,7.209310345,-0.807363636,-0.807363636,0,108.2727273,NA,44.81818182,NA,-2,9.93862069,8.742758621,0,57.12068966,99.28024138,NA,NA,0.448034483,30,32,172.2068966,574.6896552,311.3793103,NA,59.44827586,63.96551724,278.7241379,354.1034483,NA,NA,NA,NA,NA,NA,54.82353473
3,3,2005,5,4.5,15,0.3969,NA,-0.7,275.5,1.42,-0.045,-0.045,0,-0.5,NA,0,NA,-35,1.395,1.91,0,87.75,99.4,NA,NA,0.072,29,31.5,-65,32,19.5,NA,3.5,9,220,296.5,NA,NA,NA,NA,NA,NA,94.33777048
4,4,2005,5,11.24137931,15.51724138,0.3969,0.167578947,13.0552069,213.5517241,1.581034483,-2.207321429,-2.207321429,0,132.2142857,NA,36.96428571,NA,45.4137931,18.31344828,15.69586207,0,28.69310345,99.94193103,NA,NA,1.205965517,30.31034483,31.51724138,244.4827586,962.9310345,515.7931034,NA,102.1724138,106.2413793,254.3448276,419.2068966,NA,NA,NA,NA,NA,NA,54.40455828
5,5,2005,5,11.24137931,15.51724138,0.3969,0.201740741,16.9137931,148.8275862,2.898965517,-2.316103448,-2.316103448,0,114.4482759,NA,28.93103448,NA,41.93103448,19.49931034,17.24551724,0,31.99310345,99.852,NA,NA,1.380068966,30.4137931,31.37931034,204.137931,800.4482759,425.3103448,NA,86.13793103,88.10344828,293.137931,426.137931,NA,NA,NA,NA,NA,NA,54.20069836
6,6,2005,5,11.24137931,15.51724138,0.3969,0.396896552,20.24827586,190.137931,4.775862069,0.357607143,0.357607143,0,107.0344828,NA,42.86206897,NA,37.27586207,20.99068966,18.73,0,39.6242069,99.36617241,NA,NA,1.559655172,30.4137931,30.86206897,204.2068966,735.7586207,384.0344828,NA,79.34482759,79,332.7586207,433.6896552,NA,NA,NA,NA,NA,NA,54.00065344
7,7,2005,5,11.24137931,15.51724138,0.3969,0.305448276,23.84137931,234.7931034,3.935172414,1.450818182,1.450818182,0,118.8965517,NA,41.51724138,NA,48.31034483,24.43517241,22.06551724,0,48.73103448,98.99382759,NA,NA,1.70562069,30.44827586,30.5862069,214.5172414,791.0689655,403.8965517,NA,86.44827586,81.93103448,349.7586207,457.1724138,NA,NA,NA,NA,NA,NA,53.80446894
8,8,2005,5,11.24137931,15.51724138,0.3969,0.430551724,24.93103448,176.8965517,5.904827586,0.1255,0.1255,0,153.9310345,NA,45.86206897,NA,43.68965517,25.37665517,23.11344828,0,42.20344828,98.87606897,NA,NA,2.016103448,30.27586207,30.37931034,251.0344828,922.4137931,475.5172414,NA,100.8275862,98.51724138,337.2758621,463.4137931,NA,NA,NA,NA,NA,NA,53.61218896
9,9,2005,5,11.24137931,15.51724138,0.3723,0.479068966,21.6137931,161.6896552,7.542413793,0.618724138,0.618724138,0,54.75862069,NA,35.10344828,NA,18.55172414,20.90310345,19.82,0,68.24137931,98.51093103,NA,NA,0.856241379,29.65517241,29.62068966,110.3103448,388.9310345,188.6551724,NA,33.27586207,29.82758621,375.2758621,423.9310345,NA,NA,NA,NA,NA,NA,53.42385621
10,10,2005,5,11.24137931,15.51724138,0.3723,0.402137931,26.41724138,228.5517241,5.124827586,-0.2722,-0.2722,0,177.3793103,NA,54.79310345,NA,49.4137931,27.64517241,25.19206897,0,49.97934483,98.60413793,NA,NA,2.05262069,29.86206897,29.37931034,282.8965517,972.862069,493.6551724,NA,82.34482759,81.62068966,352.4827586,481.5862069,NA,NA,NA,NA,NA,NA,53.23951207
11,11,2005,5,11.24137931,15.51724138,0.3723,0.31568,24.05517241,212.5862069,4.552758621,0.179142857,0.179142857,0,113.6785714,NA,28.85714286,NA,36.20689655,26.98903448,25.34344828,0,70.42758621,98.84517241,NA,NA,1.025689655,29.55172414,29,176.0344828,623.2758621,308.5862069,NA,53.34482759,47.79310345,380.1724138,464.8275862,NA,NA,NA,NA,NA,NA,53.05919652
12,12,2005,5,11.24137931,15.51724138,0.3723,0.437,16.85172414,64.03448276,7.845862069,-6.08962069,-6.08962069,0,152.6896552,NA,88.24137931,NA,9.517241379,20.91655172,19.87275862,0,78.44137931,99.55203448,NA,NA,0.479655172,29.55172414,28.001,273.1034483,803.5862069,413.5172414,NA,64.55172414,65.79310345,341.4482759,416.0689655,NA,NA,NA,NA,NA,NA,52.88294818
13,13,2005,5,11.24137931,15.51724138,0.3723,0.593642857,24.38965517,195.5862069,8.621724138,0.504636364,0.504636364,0,173.3571429,NA,62.23076923,NA,32.82758621,25.03862069,23.23551724,0.082758621,67.24482759,98.63817241,NA,NA,1.254793103,29.75862069,28.10434483,266.6896552,842.2068966,433,NA,74.35714286,74.82142857,361.8275862,455.862069,NA,NA,NA,NA,NA,NA,52.71080426
14,14,2005,5,11.24137931,15.51724138,0.3723,0.478807692,16.85865517,278.1724138,7.106896552,0.44864,0.44864,0,102.0769231,NA,118.88,NA,5.413793103,20.4362069,19.32103448,0.020689655,63.30344828,98.5107931,NA,NA,0.799517241,29.27586207,27.69034483,227.6551724,690.3103448,360.0344828,NA,59.03846154,59.42857143,331.137931,406,NA,NA,NA,NA,NA,NA,52.5428006
15,15,2005,5,11.24137931,15.51724138,0.3723,0.41837931,11.83793103,282.5862069,6.513448276,-0.693103448,-0.693103448,0,100,NA,35.5862069,NA,-4.827586207,15.85003448,14.91517241,0,59.64137931,98.95875862,NA,NA,0.585793103,27.82841379,27,143.5862069,465.5517241,247.0689655,NA,39.72413793,42.27586207,321.4137931,382.8275862,NA,NA,NA,NA,NA,NA,52.37897165
16,16,2005,5,11.24137931,15.51724138,0.3723,0.185666667,14.21724138,191.0689655,1.94137931,-3.830333333,-3.830333333,0,165.7037037,NA,16.88888889,NA,36.37931034,22.79034483,20.55931034,0,48.36896552,99.16255172,NA,NA,0.938,28.31048276,26.65517241,256.4137931,969.3793103,511.9310345,NA,84.44827586,87.68965517,275.8965517,443.6896552,NA,NA,NA,NA,NA,NA,52.21935044
17,17,2005,5,11.24137931,15.51724138,0.401,0.280551724,19.1,130.137931,4.852068966,-0.350655172,-0.350655172,0,206.0344828,NA,28.51724138,NA,33.93103448,24.49896552,22.42310345,0,46.73106897,99.05531034,NA,NA,1.301413793,28.44848276,27,282.5862069,1007.896552,534.6551724,NA,88.82758621,95.20689655,296.2758621,453.3103448,NA,NA,NA,NA,NA,NA,52.06396863
18,18,2005,5,11.24137931,15.51724138,0.401,0.334482759,22.07241379,131.3448276,5.359655172,1.098117647,1.098117647,0,167.3448276,NA,27.62068966,NA,32.44827586,25.07517241,23.10827586,0,44.78972414,98.86937931,NA,NA,1.630448276,28.37958621,26.72413793,235.2068966,846.6551724,438.9655172,NA,75.34482759,76.75862069,330.7931034,457.6896552,NA,NA,NA,NA,NA,NA,51.91285647
19,19,2005,5,12.22580645,14.51612903,0.401,0.334652174,22.04516129,207.9032258,4.807741935,0.655066667,0.655066667,0,22.83333333,NA,180.4166667,NA,24.48387097,21.94612903,21.10064516,0.341935484,77.08064516,98.15193548,NA,NA,0.748129032,34.12906452,28.74206452,238.516129,628.6774194,317.8387097,NA,37.44827586,33.27586207,371.8709677,419.7741935,NA,NA,NA,NA,NA,NA,56.51391965
20,20,2005,5,11,15,0.401,0.323833333,16.40333333,157.0333333,5.393666667,0.0066,0.0066,0,21.36666667,NA,70.63333333,NA,-0.5,18.00536667,17.3507,0,90.68666667,98.59373333,NA,NA,0.188166667,33.93333333,30.53333333,124.2,333.6333333,168.4333333,NA,17.86206897,16.86666667,365.4,392.6666667,NA,NA,NA,NA,NA,NA,53.1152951
21,21,2005,5,11.24137931,15.51724138,0.401,0.195925926,18.6,62.10344828,3.384482759,0.495607143,0.495607143,0,66.03571429,NA,160.3571429,NA,29.06896552,21.07137931,19.51275862,0.006896552,59.83103448,98.99368966,NA,NA,0.969137931,32.44827586,30.37931034,278.0344828,805.7241379,422.2068966,NA,52,53.44827586,322.8275862,413.3793103,NA,NA,NA,NA,NA,NA,51.48541965
22,22,2005,5,11.25806452,14.51612903,0.401,0.438612903,23.40322581,231.8064516,6.697741935,0.34035,0.34035,0,93,NA,100.9677419,NA,37.77419355,23.49516129,21.85806452,0,57.67741935,98.29729032,NA,NA,1.388967742,31.41935484,30,246.9354839,786.3225806,405.1935484,NA,66.03225806,69.29032258,349.7419355,438.3870968,NA,NA,NA,NA,NA,NA,54.01929687
23,23,2005,5,11.24137931,15.51724138,0.401,0.602310345,23.89310345,289.2068966,9.208275862,3.12262069,3.12262069,0,151.6551724,NA,93.96551724,NA,33.34482759,25.2652069,23.20586207,0,41.55517241,98.02441379,NA,NA,1.895206897,30.17241379,29.65517241,299.5517241,999.3793103,524.6206897,NA,87.51724138,95.17241379,319.7241379,449.5172414,NA,NA,NA,NA,NA,NA,51.22230245
24,24,2005,5,11,15,0.401,0.376233333,18.28333333,103.7666667,6.059,-1.5533,-1.5533,0,157.3666667,NA,55.6,NA,25.43333333,23.972,22.2757,0,57.95666667,98.72376667,NA,NA,0.996866667,29.6,29,265.7666667,901.5333333,475.5,NA,79.06666667,85.7,312.7333333,436.4666667,NA,NA,NA,NA,NA,NA,52.58927777
25,25,2005,5,11.24137931,15.51724138,0.4796,0.27162069,18.55517241,53.86206897,4.039310345,0.5323,0.5323,0,178.3793103,NA,43.86206897,NA,32.65517241,25.07865517,23.14241379,0,50.87589655,98.98668966,NA,NA,1.147,29.44844828,28.58662069,258.7241379,934.4137931,495.137931,NA,81.96551724,89.89655172,301.4482759,447.9310345,NA,NA,NA,NA,NA,NA,50.97687285
26,26,2005,5,11.24137931,15.51724138,0.4796,0.362931034,20.6,259.6551724,4.963793103,3.27325,3.27325,0,136.1724138,NA,55.96551724,NA,28.51724138,23.85382759,22.22793103,0,50.37931034,98.81744828,NA,NA,1.326241379,28.86227586,28.001,221.9310345,773.8965517,402.4137931,NA,68.37931034,73.65517241,338.3103448,445.137931,NA,NA,NA,NA,NA,NA,50.8608418
27,27,2005,5,11.24137931,15.51724138,0.4796,0.482793103,20.81724138,257.137931,6.108965517,2.154,2.154,0,171.4827586,NA,55.51724138,NA,26.34482759,25.23417241,23.31827586,0,42.36206897,98.71434483,NA,NA,1.526448276,28.31103448,27.82841379,261.2413793,884.8965517,466.6206897,NA,77.55172414,85.13793103,326,446.1034483,NA,NA,NA,NA,NA,NA,50.74929113
28,28,2005,5,11.24137931,15.51724138,0.4796,0.519413793,19.6862069,263.4137931,7.051034483,4.348833333,4.348833333,0,196.3103448,NA,54.86206897,NA,20.96551724,24.17103448,22.56206897,0,47.50348276,98.57662069,NA,NA,1.337965517,27.51775862,27,263.8275862,902.0344828,481.8275862,NA,79.62068966,90.34482759,310,437.6551724,NA,NA,NA,NA,NA,NA,50.64223761
29,29,2005,5,11.5,15,0.4796,0.29537931,21.2867,171.8,3.996666667,-0.27225,-0.27225,0,101,NA,45.16666667,NA,29.46666667,24.02803333,22.43166667,0,39.89333333,98.80713333,NA,NA,1.636366667,27.53396667,26.93333333,179.1666667,691.3333333,359.2333333,NA,60.4,65.46666667,330.7333333,445.4333333,NA,NA,NA,NA,NA,NA,51.80068442
30,30,2005,5,11.5,15,0.4796,0.215692308,21.71333333,97,3.144333333,1.277166667,1.277166667,0,111.2758621,NA,125.1034483,NA,41.73333333,27.36136667,25.4787,0.006666667,48.21003333,98.8703,NA,NA,1.491533333,27.76723333,26.56666667,241.7,870.7666667,448.2666667,NA,73.7,79.1,336.9333333,464.3666667,NA,NA,NA,NA,NA,NA,51.70193208
31,31,2005,5,11.5,15,0.4796,0.27275,22.92333333,53.23333333,3.735666667,-0.182230769,-0.182230769,0,169.9666667,NA,59.48275862,NA,42.33333333,28.92433333,26.632,0,39.98333333,99.07673333,NA,NA,1.8601,27.56726667,26.4,261.6666667,995.5666667,522.8333333,NA,85,96.2,314.8,479.8,NA,NA,NA,NA,NA,NA,51.60767802
32,1,2005,6,11.5,15,0.4796,0.382466667,24.31003333,75.53333333,5.841333333,-0.003366667,-0.003366667,0,172.2666667,NA,53.73333333,NA,31.83333333,28.78673333,26.6497,0,47.82333333,98.82696667,NA,NA,1.735533333,27.2338,26,262.7333333,914.5333333,479.4666667,NA,77.1,87.63333333,342.3,471.2666667,NA,NA,NA,NA,NA,NA,51.51793634
33,2,2005,6,11.74193548,15.48387097,0.6886,0.29736,17.47741935,55.96774194,3.94483871,-2.976823529,-2.976823529,0,21.2,NA,77.88888889,NA,-3.064516129,19.79548387,19.89032258,0.038709677,93.86774194,98.59390323,NA,NA,0.125193548,26.51612903,25.06451613,81.4516129,250.8064516,112.0645161,NA,16.53846154,16.03225806,386.3870968,400.9677419,NA,NA,NA,NA,NA,NA,52.609364
34,3,2005,6,11.5,15,0.6886,0.1885,20.39666667,131.2666667,2.226333333,-1.798137931,-1.798137931,0,44.9,NA,2.066666667,NA,15.53333333,22.67466667,21.724,0,86.73666667,98.43013333,NA,NA,0.351666667,26.73333333,25,122.6,378.7666667,183.7666667,NA,27.16666667,28.36666667,393.3666667,426.1333333,NA,NA,NA,NA,NA,NA,51.35204082
35,4,2005,6,11.25806452,14.51612903,0.6886,0.422225806,26.80322581,159.2258065,6.096451613,-1.8238,-1.8238,0,124.2258065,NA,73.53333333,NA,41.83870968,29.83129032,27.50645161,0,67.49032258,98.38754839,NA,NA,1.364548387,27.32312903,25,259.2903226,853.2258065,436.6774194,NA,66.90322581,79.03225806,379.2258065,477.6451613,NA,NA,NA,NA,NA,NA,52.6827139
36,5,2005,6,11.25806452,14.51612903,0.6886,0.495258065,29.34848387,197.1612903,6.958709677,-1.249516129,-1.249516129,0,110.6774194,NA,71.70967742,NA,39.83870968,30.99387097,29.02,0,57.55483871,98.27474194,NA,NA,1.918064516,27.25832258,25,225.8064516,771.3225806,390.6129032,NA,60.61290323,71.32258065,393.0645161,486.516129,NA,NA,NA,NA,NA,NA,52.6117043
37,6,2005,6,11.25806452,14.51612903,0.6886,0.262566667,27.64516129,233.0967742,3.134516129,-3.001741935,-3.001741935,0,124.2580645,NA,77.41935484,NA,44.38709677,33.09645161,30.3783871,0,47.18390323,98.72012903,NA,NA,2.168935484,26.61290323,24.03225806,254,932.4193548,478,NA,72.41935484,87.16129032,358.7741935,495.5806452,NA,NA,NA,NA,NA,NA,52.54529455
38,7,2005,6,11.25806452,14.51612903,0.6886,0.357258065,28.45809677,178.3225806,4.217741935,-4.261322581,-4.261322581,0,120.7741935,NA,76.03225806,NA,40.35483871,34.38774194,31.41387097,0,61.96774194,98.56480645,NA,NA,1.711516129,26.16129032,24,251.8709677,869.7419355,440.1612903,NA,65.4516129,78.35483871,388.7741935,498.9032258,NA,NA,NA,NA,NA,NA,52.48349141
39,8,2005,6,11,15,0.6886,0.386137931,27.17003333,187.1,4.688666667,-4.449074074,-4.449074074,0,117.2068966,NA,82.71428571,NA,31.8,33.67233333,31.05766667,0.006666667,68.04336667,98.48343333,NA,NA,1.3228,25.6,23,234.2666667,782.3,393,NA,60.67857143,69.16666667,394.7666667,484.3,NA,NA,NA,NA,NA,NA,51.26301498
40,9,2005,6,11.5,15,0.6886,0.3385,27.52333333,186.0333333,3.787333333,-6.81412,-6.81412,0,120.1153846,NA,80.88,NA,39.16666667,34.9097,31.72966667,0.086666667,66.53666667,98.6373,NA,NA,1.340933333,25.26666667,22.7,270.1333333,912.5333333,460.5666667,NA,65.5,79.86666667,383.5,494.4,NA,NA,NA,NA,NA,NA,50.9637759
41,10,2005,6,11.5,15,1.0664,0.328375,26.96666667,178.4666667,3.588666667,-8.320411765,-8.320411765,0,148.8235294,NA,119.8823529,NA,24.66666667,32.389,30.331,0.233333333,74.03,98.71723333,NA,NA,1.038833333,24.96666667,22,211.9333333,698.3666667,344.9666667,NA,50.32142857,58.76666667,406.3333333,480.5333333,NA,NA,NA,NA,NA,NA,50.91510034
42,11,2005,6,10.08571429,14.57142857,1.0664,0.4188,23.42857143,164.0285714,4.571428571,-4.225875,-4.225875,0,21.04,NA,124.125,NA,6.571428571,24.85228571,24.53971429,0.068571429,91.17714286,98.71482857,NA,NA,0.267628571,26.57142857,22,136.0857143,390.7428571,194.3142857,NA,18.25714286,27.6,400.9428571,431.5428571,NA,NA,NA,NA,NA,NA,59.36754332
43,12,2005,6,11.25806452,14.51612903,1.0664,0.282,22.54516129,79.19354839,3.153870968,-5.585290323,-5.585290323,0,26.93548387,NA,81.64516129,NA,11.06451613,24.91967742,24.29096774,0,89.25483871,98.50048387,NA,NA,0.305580645,27,22,142.1612903,417.0967742,204.3225806,NA,19.7,29.80645161,397.8709677,430.2903226,NA,NA,NA,NA,NA,NA,52.24373938
44,13,2005,6,12.08823529,15,1.0664,0.463066667,26.13823529,193.6764706,5.282941176,-8.416517241,-8.416517241,0,80.2,NA,144.3333333,NA,38.52941176,29.33205882,27.73676471,0.094117647,73.32058824,98.23879412,NA,NA,1.102117647,26.79411765,22,281.0294118,820.3823529,421.8235294,NA,46.67647059,72.20588235,389.7647059,458.3529412,NA,NA,NA,NA,NA,NA,56.55876009
45,14,2005,6,10.2,15.42857143,1.0664,0.552823529,22.38,206.8,6.162,-6.98437037,-6.98437037,0,42.79411765,NA,320.6428571,NA,10.62857143,23.74885714,22.93285714,0.017142857,79.42005714,98.07174286,NA,NA,0.610885714,26.71428571,20.62857143,268.5714286,722.7714286,377.6,NA,38.02857143,58.51428571,373.4285714,423.8,NA,NA,NA,NA,NA,NA,58.74365809
46,15,2005,6,11.5625,15,1.0664,0.55540625,22.53125,269.53125,6.621875,-7.2786875,-7.2786875,0,58.53125,NA,177.875,NA,29.3125,24.7621875,23.4078125,0,72.98128125,98.303875,NA,NA,0.7815,12.25,11,268,772.84375,407.09375,NA,40.375,72.09375,359.5625,426.40625,NA,NA,NA,NA,NA,NA,53.79943469
47,16,2005,6,11.25806452,14.51612903,1.0664,0.234862069,20.66129032,293.3225806,2.671935484,-7.774566667,-7.774566667,0,77.93333333,NA,152.6333333,NA,73.70967742,28.04677419,26.04422581,0.006451613,61.66129032,98.68122581,NA,NA,1.077677419,12.29032258,11.09677419,310.5483871,947.6129032,505.9354839,NA,52,93.58064516,330.1612903,431.9354839,NA,NA,NA,NA,NA,NA,52.13517597
48,17,2005,6,11.25806452,14.51612903,1.0664,0.32083871,19.92906452,183.8709677,3.825483871,-5.455548387,-5.455548387,0,72.93548387,NA,118.5806452,NA,41.51612903,26.94225806,25.38193548,0,57.62903226,98.64551613,NA,NA,1.050419355,12.12903226,12,239.8064516,762.9677419,404.483871,NA,42.2,75.61290323,336.1290323,425.3225806,NA,NA,NA,NA,NA,NA,52.11959189
49,18,2005,6,11.25806452,14.51612903,1.8907,0.319580645,19.24193548,66.96774194,3.385806452,-8.86316129,-8.86316129,0,75.4516129,NA,100.1290323,NA,43.25806452,25.92777419,24.57451613,0,65.57741935,99.04896774,NA,NA,0.837064516,12,12,237.3225806,736.0322581,393.7419355,NA,38.61290323,77.12903226,343.5806452,422.8064516,NA,NA,NA,NA,NA,NA,52.10862474
50,19,2005,6,11.25806452,14.51612903,1.8907,0.29783871,21.35806452,55.12903226,2.902903226,-15.5546129,-15.5546129,0,89.93548387,NA,142.8064516,NA,71.96774194,28.54903226,26.83967742,0,64.62258065,99.48096774,NA,NA,1.008774194,12,12,284.8709677,910.4193548,482.3870968,NA,46.16129032,94.16129032,334.7419355,438.4516129,NA,NA,NA,NA,NA,NA,52.1022702
51,20,2005,6,11.25806452,14.51612903,1.8907,0.217074074,23.44516129,56.96774194,2.097419355,-15.38136667,-15.38136667,0,77.61290323,NA,152.2666667,NA,72.51612903,30.73874194,28.78293548,0,55.49035484,99.54241935,NA,NA,1.406935484,12.32258065,12,302.2580645,965.2580645,503.6451613,NA,47.03225806,93.61290323,341.5806452,449.5806452,NA,NA,NA,NA,NA,NA,52.10052312
52,21,2005,6,11.25806452,14.51612903,1.8907,0.285935484,25.26451613,248.9677419,3.002258065,-17.19458065,-17.19458065,0,60.93548387,NA,185.2580645,NA,54.25806452,30.63548387,28.84032258,0,61.55806452,99.28419355,NA,NA,1.395580645,12.38709677,12,296.483871,919.1612903,475.4516129,NA,43.51612903,90.58064516,366.9677419,455.1935484,NA,NA,NA,NA,NA,NA,52.10337758
53,22,2005,6,11.25806452,14.51612903,1.8907,0.249678571,26.40322581,92.41935484,2.457419355,-17.81254839,-17.81254839,0,54.80645161,NA,176.7096774,NA,60.29032258,32.86096774,30.74003226,0,53.75483871,99.37451613,NA,NA,1.763354839,12.4516129,12,333.3225806,950.7741935,487.5806452,NA,42.35483871,88.80645161,397,462.516129,NA,NA,NA,NA,NA,NA,52.11082686
54,23,2005,6,11.25806452,14.51612903,1.8907,0.337193548,27.50322581,167.5483871,3.795483871,-19.51212903,-19.51212903,0,36.67741935,NA,178,NA,49,31.56193548,29.68067742,0,56.8483871,99.22293548,NA,NA,1.658516129,12.41935484,12,287.3870968,849.483871,441.483871,NA,37.29032258,85.51612903,395.5483871,464.2258065,NA,NA,NA,NA,NA,NA,52.12286345
55,24,2005,6,11.25806452,14.51612903,1.8907,0.280580645,29.49680645,210.0645161,3.051935484,-22.84989655,-22.84989655,0,37.67741935,NA,195.9310345,NA,54.93548387,34.1716129,31.84745161,0,65.80645161,99.10029032,NA,NA,1.560580645,12.5483871,12,307.0967742,905.1290323,469.1935484,NA,38.67741935,88.32258065,404.1290323,477.9032258,NA,NA,NA,NA,NA,NA,52.1394791
56,25,2005,6,11.25806452,14.51612903,1.8907,0.223037037,29.071,181.0645161,2.236774194,-23.83182759,-23.83182759,0,37.53333333,NA,181.8965517,NA,47.90322581,33.83806452,31.7283871,0,66.48387097,99.14245161,NA,NA,1.47616129,12.64516129,11.61290323,320.3225806,807.9677419,421.516129,NA,32.58064516,77.67741935,449.9677419,473.6451613,NA,NA,NA,NA,NA,NA,52.16066477
57,26,2005,6,11.25806452,14.51612903,2.3979,0.163846154,29.42909677,159.483871,1.945806452,-22.67817241,-22.67817241,0,37.74193548,NA,192.862069,NA,50.67741935,34.61680645,32.32422581,0,60.71290323,99.21367742,NA,NA,1.761387097,12.70967742,11.19354839,335.9677419,845.0645161,444.1612903,NA,33.93548387,81.38709677,449.7419355,476.5483871,NA,NA,NA,NA,NA,NA,52.18641066
58,27,2005,6,11.25806452,14.51612903,2.3979,0.242785714,28.92258065,146.5806452,2.3,-23.24735484,-23.24735484,0,33.61290323,NA,180.3548387,NA,42.61290323,33.90967742,31.95616129,0,64.58387097,99.18767742,NA,NA,1.515225806,13,11,341.2580645,810.0322581,422.6129032,NA,31.74193548,78.77419355,470.5806452,472.9677419,NA,NA,NA,NA,NA,NA,52.21670621
59,28,2005,6,11.5,15,2.3979,0.276103448,28.7,210.8666667,2.515666667,-25.11482143,-25.11482143,0,43.33333333,NA,195.3928571,NA,38.03333333,33.462,31.57133333,0,68.3767,98.95723333,NA,NA,1.3595,13,11,338.7,818.3333333,424.2666667,NA,31.73333333,78.96666667,464.6333333,471.3,NA,NA,NA,NA,NA,NA,50.82429366
60,29,2005,6,10.48484848,14.54545455,2.3979,0.158633333,28.01521212,142.3333333,1.804848485,-22.32865517,-22.32865517,0,12.58064516,NA,190.4333333,NA,21.78787879,29.11578788,28.51090909,0.048484848,76.32424242,98.86381818,NA,NA,1.026,13,11.06060606,322.3636364,758.3030303,390.1515152,NA,26.09090909,69.66666667,460.2121212,458.2424242,NA,NA,NA,NA,NA,NA,56.80241102
61,30,2005,6,11.5,15,2.3979,0.3475,29.01,232.2333333,3.358333333,-22.73813333,-22.73813333,0,-5.066666667,NA,243.4,NA,16.93333333,29.66103333,28.832,0,65.42666667,98.57023333,NA,NA,1.476266667,13,11,350.5333333,824.5666667,423.7666667,NA,29.96428571,82.56666667,471,461.5,NA,NA,NA,NA,NA,NA,50.90548873
62,1,2005,7,11.5,15,2.3979,0.425733333,24.11666667,292,4.467666667,-19.39573333,-19.39573333,0,54.26666667,NA,208.6666667,NA,11.76666667,29.372,28.317,0,61.90666667,98.54716667,NA,NA,1.2304,13,11,412.3666667,967.8666667,510.2333333,NA,33.4,101.4333333,441.2,437.7,NA,NA,NA,NA,NA,NA,50.95284664
63,2,2005,7,11.5,15,2.3979,0.240964286,20.63333333,188.0666667,1.964,-19.47983333,-19.47983333,0,93.9,NA,133.0666667,NA,9.533333333,28.29666667,27.08933333,0,65.62,98.89016667,NA,NA,0.9107,13,11,367.6,953.2,506.2,NA,31.73333333,98.73333333,384.9333333,424.9,NA,NA,NA,NA,NA,NA,51.00469509
64,3,2005,7,11.5,15,2.3979,0.218965517,24.58666667,156.5,1.988,-23.02073333,-23.02073333,0,54.53333333,NA,189.2333333,NA,25.4,29.834,28.15933333,0,58.78666667,98.76726667,NA,NA,1.458433333,13,11,398.9,958.9666667,498.2666667,NA,31.7,92.4,438.3333333,445.1666667,NA,NA,NA,NA,NA,NA,51.06102086
65,4,2005,7,11.5,15,2.6625,0.31137037,25.8,218.5333333,2.962666667,-17.82234483,-17.82234483,0,29.65517241,NA,137.2413793,NA,15.73333333,29.12166667,27.91733333,0.006666667,75.2,98.7905,NA,NA,0.9175,13,11,265.7,637.0333333,329.8666667,NA,25.7826087,63.4,446.2,446.9666667,NA,NA,NA,NA,NA,NA,51.12180992
66,5,2005,7,11.5,15,2.6625,0.242137931,24.35,282.3,2.473333333,-26.56527778,-26.56527778,0,37.75862069,NA,301.3684211,NA,9.466666667,27.6957,26.77366667,0.006666667,72.27333333,99.05366667,NA,NA,0.9508,13,11,309.0666667,889.1333333,452.7333333,NA,27.96551724,85.56666667,380.3,438.1666667,NA,NA,NA,NA,NA,NA,51.18704748
67,6,2005,7,11.5,15,2.6625,0.171615385,24.63333333,73.53333333,1.325,-22.07223333,-22.07223333,0,46.26666667,NA,147.8333333,NA,18.9,27.57543333,26.48233333,0,69.08333333,99.08363333,NA,NA,1.0569,13,11,331.3333333,818.8,424.9666667,NA,26.63333333,81.4,428.6,440.9,NA,NA,NA,NA,NA,NA,51.25671792
68,7,2005,7,11.5,15,2.6625,0.3054,25.18666667,56.63333333,2.576,-21.60323333,-21.60323333,0,53.6,NA,156.1333333,NA,20.66666667,29.28173333,27.85766667,0,70.24333333,99.05386667,NA,NA,1.0578,13,11,358.1333333,852.9333333,447.3333333,NA,28.17241379,87.23333333,443.7666667,445.7,NA,NA,NA,NA,NA,NA,51.33080484
69,8,2005,7,11.5,15,2.6625,0.195692308,25.27,161.1666667,1.540666667,-20.67233333,-20.67233333,0,54.53333333,NA,156.3,NA,23.53333333,29.578,27.91273333,0,60.59666667,99.24396667,NA,NA,1.407766667,13,11,376.1333333,870.3333333,455.8666667,NA,28.46666667,86.93333333,452.9333333,445.5333333,NA,NA,NA,NA,NA,NA,51.40929098
70,9,2005,7,11.5,15,2.6625,0.218185185,25.99333333,82.06666667,1.889333333,-20.06616667,-20.06616667,0,58.6,NA,182.2666667,NA,26,31.28733333,29.0367,0,50.49333333,99.3801,NA,NA,1.838866667,13.26693333,11,426.1,976.8666667,509.1666667,NA,31,92.2,461.0333333,451.8,NA,NA,NA,NA,NA,NA,51.49215826
71,10,2005,7,11.5,15,2.6625,0.28062069,26.63336667,92.93333333,2.616,-20.22903333,-20.22903333,0,52.83333333,NA,187.1666667,NA,27.4,30.96303333,28.89003333,0,48.76,99.36353333,NA,NA,1.9307,13.43376667,11,425.8,964.4333333,513.2333333,NA,31.36666667,98.06666667,464.5333333,454.1,NA,NA,NA,NA,NA,NA,51.57938776
72,11,2005,7,11.5,15,2.6625,0.453333333,24.35666667,42.43333333,3.858666667,-17.433,-17.433,0,7.851851852,NA,106.9615385,NA,7.833333333,26.016,25.39633333,0.046666667,70.66666667,98.89703333,NA,NA,0.955433333,13,11,182.8666667,435.1333333,233.1,NA,16.07692308,54.23333333,438.2,434.2,NA,NA,NA,NA,NA,NA,51.67095966
73,12,2005,7,11.5,15,3.5699,0.28705,22.97666667,97.03333333,2.696333333,-7.352888889,-7.352888889,0,18.65,NA,64.6,NA,6.1,24.205,23.88733333,0.253333333,96.28333333,98.50673333,NA,NA,0.1116,13,11,111.9,316.7,141.8,NA,19.46153846,31.2,428.9666667,427.7333333,NA,NA,NA,NA,NA,NA,51.76685332
74,13,2005,7,11.5,15,3.5699,0.296846154,23.54333333,167.9666667,2.876666667,-8.494789474,-8.494789474,0,9.730769231,NA,85.80952381,NA,8.4,24.26366667,23.71133333,0.186666667,92.34333333,98.55386667,NA,NA,0.240566667,13,11,148.3666667,359.7333333,186.9333333,NA,16.07142857,43.3,434.3333333,429.5666667,NA,NA,NA,NA,NA,NA,51.86704715
75,14,2005,7,11.5,15,3.5699,0.38675,25.86333333,149.4333333,3.485,-12.54492857,-12.54492857,0,8.285714286,NA,135.8928571,NA,18.56666667,26.13066667,25.20266667,0.013333333,84.33666667,98.55723333,NA,NA,0.5721,13,11,264.5666667,607.4666667,320.9666667,NA,22.53571429,66.93333333,453.2333333,442.6333333,NA,NA,NA,NA,NA,NA,51.97151871
76,15,2005,7,11.5,15,3.5699,0.197296296,24.59666667,247.1333333,1.49,-7.519233333,-7.519233333,0,10.93333333,NA,61.9,NA,12.53333333,25.23566667,24.54066667,0,90.64666667,98.7971,NA,NA,0.314566667,13,11,147.9,339.4,179.2,NA,13.96,39.5,444.5333333,436.4,NA,NA,NA,NA,NA,NA,52.08024464
77,16,2005,7,11.5,15,3.5699,0.156259259,26.3,280.9666667,1.226,-22.68996552,-22.68996552,0,31.03448276,NA,135.7241379,NA,24.5,27.11933333,26.02366667,0.006666667,81.21666667,98.90036667,NA,NA,0.715133333,13,11,323.4,743.6,383.1666667,NA,27.7,78.1,466.7333333,448.3,NA,NA,NA,NA,NA,NA,52.19320063
78,17,2005,7,11.5,15,3.5699,0.327433333,27.89666667,185.2,2.764333333,-29.3519,-29.3519,0,27.9,NA,174.9333333,NA,28.83333333,28.29903333,27.229,0,81.91,98.88026667,NA,NA,0.749633333,13,11,352.7666667,818,431.1666667,NA,32.6,94.13333333,473.2666667,457.5,NA,NA,NA,NA,NA,NA,52.31036149
79,18,2005,7,11.5,15,3.5699,0.42668,25.17,203.1,3.503333333,-31.80883333,-31.80883333,0,45.56,NA,205.2777778,NA,10.36666667,26.63133333,25.83666667,0.686666667,92.43333333,98.70713333,NA,NA,0.293466667,13.2001,11,253.5666667,609.7,317.4333333,NA,33.16666667,71.51724138,446,440.7333333,NA,NA,NA,NA,NA,NA,52.43170107
80,19,2005,7,11.5,15,3.5699,0.136363636,26.20333333,200.3333333,0.729,-22.87182759,-22.87182759,0,25.51724138,NA,202.3448276,NA,13.5,27.07533333,25.98033333,0.006666667,66.61003333,99.1305,NA,NA,1.2477,13,11,412.1666667,951.9333333,481.7666667,NA,43.9,96.76666667,472.3666667,445.3666667,NA,NA,NA,NA,NA,NA,52.55719228
81,20,2005,7,11.5,15,4.3986,0.350833333,28.59333333,178.2333333,2.891666667,-27.45556667,-27.45556667,0,16.46666667,NA,217.1,NA,29.6,28.2497,27.07066667,0,80.18,99.03373333,NA,NA,0.8605,13.56723333,11,383,906.2,462.3,NA,37.86666667,96.96666667,477.7666667,460.2666667,NA,NA,NA,NA,NA,NA,52.68680707
82,21,2005,7,11.5,15,4.3986,0.3573,28.6667,193.1666667,2.956,-25.545,-25.545,0,8.966666667,NA,207.0666667,NA,27.06666667,28.88666667,27.69633333,0,82.84666667,99.00723333,NA,NA,0.7541,13.6006,11,360.3333333,851.2666667,436.6,NA,36.9,92.63333333,476.3666667,459.8,NA,NA,NA,NA,NA,NA,52.82051645
83,22,2005,7,10.8125,14.0625,4.3986,0.3048,25.784375,115.9375,2.3371875,-22.56386207,-22.56386207,0,43.41935484,NA,185.5517241,NA,10.59375,27.61878125,26.6925,0.00625,83.978125,99.18175,NA,NA,0.58753125,13.53178125,11,363.375,849,440.125,NA,34.90625,92.15625,459.75,444.34375,NA,NA,NA,NA,NA,NA,57.08197672
84,23,2005,7,11.5,15,4.3986,0.248966667,26.88,127.5666667,2.211666667,-23.051,-23.051,0,17.46666667,NA,148.8,NA,19.36666667,27.28133333,26.412,0,83.98666667,99.337,NA,NA,0.620433333,13.6006,11,299.0666667,688.1666667,362.9,NA,28.93333333,79.76666667,466.8333333,451,NA,NA,NA,NA,NA,NA,53.10009826
85,24,2005,7,11.5,15,4.3986,0.384133333,30.1467,200.5666667,3.354333333,-26.66651724,-26.66651724,0,23.53333333,NA,203.6206897,NA,27.93333333,29.58466667,28.45266667,0,82.42,98.9707,NA,NA,0.833766667,13.8008,11,384.7666667,905.9333333,466.1333333,NA,36.7,96.06666667,484.1,469.6333333,NA,NA,NA,NA,NA,NA,53.24590791
86,25,2005,7,11.5,15,4.3986,0.296633333,30.6334,206.4666667,2.525333333,-24.79043333,-24.79043333,0,13.5,NA,214.0666667,NA,24.46666667,30.6597,29.61903333,0,76.64333333,98.76026667,NA,NA,1.1208,14.001,10.63333333,394,919.5333333,470.0333333,NA,36.53333333,93.36666667,489.9333333,472.7333333,NA,NA,NA,NA,NA,NA,53.39568659
87,26,2005,7,12.09375,15,4.3986,0.477689655,28.40625,232.59375,4.1440625,-25.30564286,-25.30564286,0,19.10344828,NA,198.4285714,NA,12.3125,29.20253125,28.5596875,0.35625,79.590625,98.38778125,NA,NA,0.89509375,13.96971875,10.03125,299.8125,712.40625,367.28125,NA,27.8125,75.40625,467,458.84375,NA,NA,NA,NA,NA,NA,56.70946354
88,27,2005,7,11.24137931,15.51724138,4.3986,0.344965517,21.52068966,314.137931,2.813448276,-18.11624138,-18.11624138,0,46.65517241,NA,194.4482759,NA,-11.48275862,23.83758621,23.58413793,0,78.0137931,99.13131034,NA,NA,0.612689655,13,10,327.7931034,749.9310345,400.5172414,NA,32.17241379,85.82758621,433.6551724,420.5517241,NA,NA,NA,NA,NA,NA,52.49110339
89,28,2005,7,11.24137931,15.51724138,3.9588,0.183821429,20.95172414,195.8965517,1.395517241,-19.06465517,-19.06465517,0,52.44827586,NA,169.8275862,NA,-4.586206897,22.71482759,22.21793103,0,66.52068966,99.39682759,NA,NA,0.91037931,13,10,375.2758621,838.862069,450.9655172,NA,35.5862069,95.24137931,437.4482759,418.0344828,NA,NA,NA,NA,NA,NA,52.65240189
90,29,2005,7,11.5,15,3.9588,0.18556,23.19666667,219,1.227333333,-22.04503333,-22.04503333,0,63.5,NA,173.5666667,NA,8.833333333,23.81703333,22.97933333,0,70.83,99.59046667,NA,NA,0.938033333,13,10,406.7,923,481.9333333,NA,37.06666667,94.1,450.7,431.9,NA,NA,NA,NA,NA,NA,54.03380157
91,30,2005,7,11.24137931,15.51724138,3.9588,0.224344828,24.95862069,41.03448276,1.706896552,-24.71296429,-24.71296429,0,62.62068966,NA,177.8214286,NA,16.93103448,26.03689655,25.04551724,0,74.74827586,99.77968966,NA,NA,0.904103448,13,10,392.5172414,901.2068966,466.6896552,NA,36.93103448,91.82758621,460.5862069,442.862069,NA,NA,NA,NA,NA,NA,52.98630306
92,31,2005,7,11.24137931,15.51724138,3.9588,0.196296296,25.66551724,132.8275862,1.54,-22.86646429,-22.86646429,0,49.21428571,NA,171.9642857,NA,17.89655172,26.43172414,25.48310345,0,72.05862069,99.57272414,NA,NA,1.038103448,13.34517241,10,390.9310345,886.1724138,459.0344828,NA,35.89655172,88.20689655,466.4137931,446.1034483,NA,NA,NA,NA,NA,NA,53.15883018
93,1,2005,8,11.24137931,15.51724138,3.9588,0.206666667,26.98965517,96.27586207,1.611724138,-22.32634483,-22.32634483,0,48.55172414,NA,171.5517241,NA,21.13793103,27.42524138,26.29206897,0,69.82068966,99.41062069,NA,NA,1.221275862,13.51775862,10,400.4137931,901.3793103,470.5517241,NA,36.86206897,91.06896552,474.4137931,453.5517241,NA,NA,NA,NA,NA,NA,53.33502317
94,2,2005,8,11.24137931,15.51724138,3.9588,0.242214286,28.26896552,141.137931,1.970689655,-23.1932069,-23.1932069,0,22.65517241,NA,174.4482759,NA,23.44827586,28.06310345,26.86103448,0,67.90344828,99.23831034,NA,NA,1.39,13.5867931,10.20689655,362.6206897,808.9655172,431.6206897,NA,34.13793103,87.89655172,478.4137931,459.4827586,NA,NA,NA,NA,NA,NA,53.51484209
95,3,2005,8,11.24137931,15.51724138,3.9588,0.330586207,28.9552069,180.7586207,2.797586207,-23.81862963,-23.81862963,0,37.10344828,NA,209.0740741,NA,23.93103448,29.01693103,27.62586207,0,68.06896552,99.07268966,NA,NA,1.435724138,13.65582759,10.4137931,388.0344828,890.5862069,467.3103448,NA,38.10344828,94.5862069,479.4482759,464.137931,NA,NA,NA,NA,NA,NA,53.69824617
96,4,2005,8,11.24137931,15.51724138,3.9588,0.356555556,26.6,214.3448276,2.985517241,-16.62375,-16.62375,0,26.53571429,NA,119.1785714,NA,15.31034483,26.8137931,26.18793103,0.006896552,82.21724138,99.21434483,NA,NA,0.662413793,13.44872414,10.96551724,226.7241379,539.0344828,283.4137931,NA,27.29166667,63.82758621,455.7586207,448.6206897,NA,NA,NA,NA,NA,NA,53.88519376
97,5,2005,8,11.24137931,15.51724138,3.2658,0.21184,23.35517241,220.5517241,1.602068966,-12.61314815,-12.61314815,0,17.25925926,NA,94.85185185,NA,3.068965517,24.51793103,24.28931034,0.020689655,78.46558621,99.6072069,NA,NA,0.672241379,13,11,192.5862069,448.9655172,235.4137931,NA,20.48148148,52.10344828,439.2413793,429.9310345,NA,NA,NA,NA,NA,NA,54.0756424
98,6,2005,8,11.5,15,3.2658,0.256703704,24.37142857,44.28571429,1.9075,-17.95817857,-17.95817857,0,52.57142857,NA,137.6785714,NA,11.64285714,25.95071429,24.92535714,0,65.23214286,99.43975,NA,NA,1.143357143,13,10.57142857,321.6785714,743.1428571,387.1428571,NA,32.67857143,78.75,452,438.6428571,NA,NA,NA,NA,NA,NA,52.62207793
99,7,2005,8,10.9,15,3.2658,0.19136,26.20333333,218.2,1.309333333,-16.49346667,-16.49346667,0,73.06666667,NA,134.7333333,NA,17.8,27.129,25.76733333,0,67.78336667,99.26053333,NA,NA,1.196533333,13,10.73333333,362.2666667,823.5333333,427.7333333,NA,37.83333333,85.1,470.1666667,450.6666667,NA,NA,NA,NA,NA,NA,56.71315202
100,8,2005,8,11.24137931,15.51724138,3.2658,0.176678571,27.14137931,216.862069,1.237931034,-19.85848276,-19.85848276,0,74.65517241,NA,136.5862069,NA,20.37931034,27.97034483,26.64310345,0,73.96206897,99.16593103,NA,NA,1.070965517,13,11,346.9655172,781.3793103,412.2758621,NA,35.82758621,83.20689655,474.3103448,456.2758621,NA,NA,NA,NA,NA,NA,54.66755751
101,9,2005,8,11.24137931,15.51724138,3.2658,0.2205,28.14141379,185.4827586,1.76,-15.284,-15.284,0,63,NA,150.7241379,NA,21.55172414,28.70906897,27.26482759,0,68.19313793,99.06596552,NA,NA,1.428275862,13,11,368.137931,838.3448276,441.3793103,NA,39.44827586,88.06896552,478.0344828,463.3103448,NA,NA,NA,NA,NA,NA,54.8715692
102,10,2005,8,11.5,15,3.2658,0.237464286,28.325,234.1428571,2.029285714,-15.64653571,-15.64653571,0,56.53571429,NA,128.6428571,NA,20.46428571,28.77932143,27.46642857,0,74.19285714,98.89671429,NA,NA,1.093678571,13,11,301.2857143,699.3571429,363.2142857,NA,33.25,72.67857143,473.3571429,462.6071429,NA,NA,NA,NA,NA,NA,53.43341402
103,11,2005,8,11.53571429,15,3.2658,0.281086957,29.19646429,161.4285714,1.895714286,-14.41675,-14.41675,0,70.10714286,NA,134.7037037,NA,23.71428571,29.78292857,28.19,0,69.00357143,98.87160714,NA,NA,1.443642857,13.2145,11,344.9642857,798.75,412.3214286,NA,38.75,79.42857143,482.4285714,470.4285714,NA,NA,NA,NA,NA,NA,54.04621642
104,12,2005,8,11.57142857,15,3.2658,0.346807692,28.56428571,205.3571429,2.693571429,-11.95414815,-11.95414815,0,79.25925926,NA,125.5925926,NA,20.53571429,29.42467857,28.14607143,0,74.08571429,98.68989286,NA,NA,1.130642857,13.10725,11,326.4285714,765.0357143,398.4642857,NA,37.82142857,78.92857143,472.9642857,466.1428571,NA,NA,NA,NA,NA,NA,54.62994053
105,13,2005,8,11,15,2.9824,0.364703704,25.79642857,221.75,2.91,-13.06367857,-13.06367857,0,66.92857143,NA,146.4642857,NA,8.392857143,26.18392857,25.79285714,0,85.83571429,98.67185714,NA,NA,0.519642857,13,11,220.2142857,720.2142857,288.3928571,NA,41.25,75.64285714,454.8214286,447.4285714,NA,NA,NA,NA,NA,NA,54.81000659
106,14,2005,8,12.58064516,14.51612903,2.9824,0.332105263,20.08709677,129.2580645,2.619677419,1.864,1.864,0,10.10526316,NA,15.81818182,NA,-10.4516129,21.85870968,21.93548387,0.167741935,99.66774194,99.0683871,NA,NA,0.008096774,13,10.22580645,59,169.7741935,76.51612903,NA,7.3,16.22580645,409.3548387,410.3870968,NA,NA,NA,NA,NA,NA,60.94726137
107,15,2005,8,11.5,15,2.9824,0.288818182,21.06071429,40.25,2.003928571,-3.664375,-3.664375,0,14.40909091,NA,37.2,NA,-2.071428571,22.0375,21.73964286,0.071428571,97.93928571,99.3505,NA,NA,0.053892857,13,10,81.60714286,211.6428571,103.8571429,NA,9.722222222,21.96428571,415.5357143,416,NA,NA,NA,NA,NA,NA,54.5214661
108,16,2005,8,10.9,15,2.9824,0.306392857,23.22666667,66.86666667,2.434666667,-10.38196552,-10.38196552,0,35.34482759,NA,114.2413793,NA,9,23.389,22.84866667,0.006666667,83.85666667,99.25723333,NA,NA,0.5251,12.9,10,239.4666667,531.3333333,287.6,NA,25.44827586,56.46666667,437.7333333,429.5,NA,NA,NA,NA,NA,NA,58.65498484
109,17,2005,8,11.5,15,2.9824,0.288285714,24.775,88.21428571,2.516071429,-14.667,-14.667,0,56.53571429,NA,164,NA,16.39285714,24.32285714,23.60857143,0,73.63571429,99.00032143,NA,NA,0.904214286,12.78571429,10,330.0357143,814.0714286,401.2857143,NA,38.96428571,83.82142857,453.5357143,440.8928571,NA,NA,NA,NA,NA,NA,54.97842107
110,18,2005,8,11.25925926,14.44444444,2.9824,0.421259259,26.98148148,171.4444444,3.361851852,-15.41540741,-15.41540741,0,76.44444444,NA,121.6296296,NA,23.44444444,25.75555556,24.9637037,0,82.5962963,98.41888889,NA,NA,0.694,13,10,284.0740741,722.9259259,350.8148148,NA,36.59259259,76.11111111,463.5185185,454.1111111,NA,NA,NA,NA,NA,NA,54.20450543
111,19,2005,8,10.89285714,13.92857143,2.9824,0.327941176,27.53571429,215.5357143,2.936071429,-17.27494118,-17.27494118,0,36.76470588,NA,299.7058824,NA,18.42857143,26.09857143,25.24785714,0.007142857,79.17857143,98.69685714,NA,NA,0.894785714,15.71428571,11.96428571,385.6428571,884.1785714,456.4642857,NA,47.21428571,84.85714286,469.0357143,455.25,NA,NA,NA,NA,NA,NA,56.96942787
112,20,2005,8,11.5,15,2.9824,0.380607143,27.54642857,246.75,3.258928571,-14.58157143,-14.58157143,0,39.89285714,NA,182.2857143,NA,19.64285714,26.8525,25.96892857,0,80.60357143,98.88585714,NA,NA,0.772821429,17.03571429,14.75053571,358.75,823.25,429.0357143,NA,42.35714286,81.17857143,464.25,453.3214286,NA,NA,NA,NA,NA,NA,55.68584967
113,21,2005,8,11.89655172,14.48275862,2.7664,0.220346154,25.86896552,245.8275862,1.717931034,-14.66565385,-14.66565385,0,39.64285714,NA,192.5,NA,9.103448276,25.62034483,24.74448276,0.020689655,73.32758621,99.15562069,NA,NA,1.023310345,16.5862069,13.96648276,372.1724138,834.5172414,439.1724138,NA,42.44827586,81.20689655,459.137931,445.1034483,NA,NA,NA,NA,NA,NA,58.37725463
114,22,2005,8,11.25925926,14.44444444,2.7664,0.30462963,23.15185185,163.5925926,2.372222222,-11.61062963,-11.61062963,0,54.22222222,NA,169.4074074,NA,-3.259259259,24.23148148,23.63851852,0,70.41859259,99.01518519,NA,NA,0.905740741,16.74074074,13,395.8888889,883.0740741,467.7407407,NA,44.96296296,86.59259259,444.7777778,430,NA,NA,NA,NA,NA,NA,55.16207938
115,23,2005,8,11.25925926,14.44444444,2.7664,0.469962963,20.46666667,36.66666667,3.624074074,-12.74874074,-12.74874074,0,81.51851852,NA,152.5925926,NA,-6.925925926,21.84333333,21.27296296,0,71.22592593,99.22648148,NA,NA,0.766925926,16,13,380.5555556,849.9259259,466.4444444,NA,45.77777778,94.03703704,423.7037037,415.4444444,NA,NA,NA,NA,NA,NA,55.4082246
116,24,2005,8,11.25925926,14.44444444,2.7664,0.40537037,22.17037037,79.92592593,3.370740741,-12.7327037,-12.7327037,0,74.51851852,NA,147.0740741,NA,7.740740741,21.86481481,21.09,0,69.04444444,99.356,NA,NA,0.950814815,16,13,376.962963,855.2222222,458,NA,46.2962963,89.85185185,434.4074074,425.4444444,NA,NA,NA,NA,NA,NA,55.65696064
117,25,2005,8,11.25925926,14.44444444,2.7664,0.218148148,23.33703704,114.7037037,1.879259259,-7.662814815,-7.662814815,0,21.03703704,NA,84.07407407,NA,12.14814815,22.65259259,21.86925926,0,75.45559259,99.34092593,NA,NA,0.751703704,16,13,189.8518519,422.2962963,225.1481481,NA,24.56,44.77777778,439.5555556,430.037037,NA,NA,NA,NA,NA,NA,55.90823134
118,26,2005,8,9.78125,14.0625,2.7664,0.203275862,23.553125,95.6875,1.616875,-8.024807692,-8.024807692,0,31.87096774,NA,66.76923077,NA,15.25,23.9196875,23.0428125,0.00625,88.90625,98.6971875,NA,NA,0.36084375,16.40625,13,170.40625,378.46875,202.40625,NA,21.4,39.9375,440.6875,432.90625,NA,NA,NA,NA,NA,NA,66.5326823
119,27,2005,8,11.25925926,14.44444444,2.7664,0.30236,25.53333333,267.5185185,2.482592593,-10.24338462,-10.24338462,0,60.03846154,NA,132.3076923,NA,13.85185185,25.33592593,24.28555556,0.007407407,73.69259259,98.47411111,NA,NA,0.972481481,16.66666667,13,346.962963,810.4444444,415.037037,NA,45.7037037,82.11111111,457.5555556,443.4814815,NA,NA,NA,NA,NA,NA,56.41814848
120,28,2005,8,11.25925926,14.44444444,2.7664,0.208,26.35185185,186.7407407,1.486296296,-10.417,-10.417,0,60.44444444,NA,128.3333333,NA,18.14814815,24.87037037,23.64296296,0,63.61111111,98.63722222,NA,NA,1.503111111,16.74074074,13,362.4814815,829.2592593,424.6666667,NA,47.88888889,81.44444444,468.3703704,449.2592593,NA,NA,NA,NA,NA,NA,56.67667905
121,29,2005,8,11.25925926,14.44444444,1.699,0.218925926,25.18148148,103.0740741,1.642592593,-8.114125,-8.114125,0,70.25925926,NA,113.8148148,NA,17.18518519,25.18703704,24.06666667,0,72.57407407,98.57059259,NA,NA,1.078666667,17,13,313.7777778,721.3703704,369.8148148,NA,41.81481481,68.96296296,457.6666667,444.6296296,NA,NA,NA,NA,NA,NA,56.93751254
122,30,2005,8,11.5,15,1.699,0.560576923,22.64615385,167.4230769,4.790384615,-3.379807692,-3.379807692,0,-13.92307692,NA,68.46153846,NA,2.846153846,21.92884615,21.52884615,0,73.19230769,97.80034615,NA,NA,0.767423077,17,13,119.4615385,286.0769231,146.4230769,NA,17.875,30.84615385,427,423.1538462,NA,NA,NA,NA,NA,NA,55.76986662
123,31,2005,8,11.25925926,14.44444444,1.699,0.321346154,22.963,294.1481481,2.707037037,-5.870192308,-5.870192308,0,77.22222222,NA,91.81481481,NA,8.851851852,23.90481481,22.78074074,0,68.5037037,98.54503704,NA,NA,1.008259259,17,13,318.1481481,742.7407407,387.037037,NA,45.92592593,77.55555556,438.8148148,430.0740741,NA,NA,NA,NA,NA,NA,57.46584887
124,1,2005,9,10.36666667,14,1.699,0.346033333,24.39336667,254.2666667,3.222666667,-3.494176471,-3.494176471,0,80.7,NA,76.13333333,NA,11.93333333,24.16633333,23.06666667,0,62.45666667,98.94016667,NA,NA,1.340933333,17,13,322.7,753.3666667,394.2666667,NA,48.93333333,79.46666667,445.1666667,437.3666667,NA,NA,NA,NA,NA,NA,64.04495224
125,2,2005,9,11.25925926,14.44444444,1.699,0.383423077,25.41851852,281.2592593,3.314074074,-5.358846154,-5.358846154,0,84.14814815,NA,125.8518519,NA,14.33333333,23.97744444,22.70481481,0,51.53703704,99.44477778,NA,NA,1.847703704,17,13,371.4814815,839.5555556,451.1111111,NA,58.2962963,89.37037037,452.4444444,442.7037037,NA,NA,NA,NA,NA,NA,58.00267166
126,3,2005,9,11.25925926,14.44444444,1.699,0.240307692,23.81851852,296.5185185,2.039259259,0.490785714,0.490785714,0,96.2962963,NA,63.96,NA,12.2962963,23.26744444,22.13003704,0,51.43707407,99.66714815,NA,NA,1.706296296,17,13,381.2962963,846.7777778,453.4444444,NA,60.37037037,86.2962963,451.7407407,437.5185185,NA,NA,NA,NA,NA,NA,58.27411063
127,4,2005,9,11.25925926,14.44444444,1.699,0.208615385,25.15925926,112.4074074,1.613333333,-3.56136,-3.56136,0,108.037037,NA,85.12,NA,17.11111111,24.63222222,23.2637037,0,49.47777778,99.708,NA,NA,1.914740741,17,13,358.4814815,812,426.8148148,NA,60.18518519,81.14814815,461,448.2592593,NA,NA,NA,NA,NA,NA,58.54748399
128,5,2005,9,11,15,1.699,0.294846154,25.04615385,119.8461538,2.39,-3.683434783,-3.683434783,0,98.80769231,NA,74.07692308,NA,17.69230769,24.33153846,23.23538462,0,57.69615385,99.89265385,NA,NA,1.537884615,17,13,310.8076923,716.2307692,380.3076923,NA,55.88461538,76.88461538,453.9615385,446.6923077,NA,NA,NA,NA,NA,NA,57.72256262
129,6,2005,9,11,15,1.4114,0.190409091,25.31153846,166.1538462,1.381538462,-0.913846154,-0.913846154,0,130.4230769,NA,62.11538462,NA,16.96153846,25.66076923,24.05961538,0,55.69230769,99.84246154,NA,NA,1.679846154,17,13,365.1153846,826.2692308,438.0769231,NA,65.11538462,85.65384615,463.7307692,451.1923077,NA,NA,NA,NA,NA,NA,57.99856911
130,7,2005,9,11,15,1.4114,0.208304348,26.98846154,205.4230769,1.639615385,-1.228576923,-1.228576923,0,103.9230769,NA,58.73076923,NA,18.84615385,26.11153846,24.68730769,0,58.75769231,99.64280769,NA,NA,1.703461538,17.03846154,13,303.1538462,687.1923077,368.2692308,NA,56.84615385,74.88461538,468.0769231,458.3076923,NA,NA,NA,NA,NA,NA,58.27631323
131,8,2005,9,11.24,15.6,1.4114,0.232375,27.80004,279.6,1.7744,-0.080958333,-0.080958333,0,111.72,NA,51.36,NA,20.84,26.9708,25.3824,0,56.112,99.23272,NA,NA,1.88476,17.36,13.2002,311.4,726.36,386.68,NA,62.36,78.68,467.12,463.68,NA,NA,NA,NA,NA,NA,57.05608662
132,9,2005,9,11,15,1.4114,0.169571429,27.06538462,164.2307692,1.134230769,-2.001478261,-2.001478261,0,119.36,NA,48,NA,18.15384615,26.73461538,25.31076923,0,60.14230769,99.21607692,NA,NA,1.681653846,17.42307692,13.4235,268.9230769,719.5,381.6923077,NA,62.23076923,75.84615385,424.0769231,461.2307692,NA,NA,NA,NA,NA,NA,58.83675875
133,10,2005,9,11.24,15.6,1.4114,0.2995,29.23604,120.48,2.2864,-2.812777778,-2.812777778,0,114.375,NA,49.54545455,NA,21.84,27.9172,26.2648,0,52.292,99.40036,NA,NA,2.2126,17.6,13.92092,253.4,743.72,402,NA,67.24,85.36,409.96,473.32,NA,NA,NA,NA,NA,NA,57.62748853
134,11,2005,9,11.24,15.6,1.4114,0.33144,28.86808,137.76,2.5208,0.523166667,0.523166667,0,120,NA,60.33333333,NA,19.92,28.2648,26.6236,0,50.21604,99.57628,NA,NA,2.22256,17.64,14.001,220.56,732.28,399.16,NA,69.08,87.28,379.84,471.12,NA,NA,NA,NA,NA,NA,57.91551938
135,12,2005,9,11.24,15.6,1.4114,0.40424,28.37604,184.24,3.1516,NA,NA,0,134.92,NA,NA,NA,17.52,27.47288,25.9732,0,47.516,99.25624,NA,NA,2.28624,17.56,14.001,225.88,753.12,415.2,NA,74.32,94.88,372.84,467.2,NA,NA,NA,NA,NA,NA,58.2050119
136,13,2005,9,11,15,1.4114,0.521538462,28.92692308,188.3076923,4.196538462,NA,NA,0,119.1923077,NA,NA,NA,18.73076923,27.43315385,25.92384615,0,50.03076923,98.67734615,NA,NA,2.302846154,17.57692308,14.001,204.0769231,696.7307692,376.8846154,NA,72.03846154,85.46153846,381.6923077,468.8461538,NA,NA,NA,NA,NA,NA,59.97565167
137,14,2005,9,11.24,15.6,0.5394,0.2842,23.052,268.72,2.4484,NA,NA,0,71.28,NA,NA,NA,1.92,23.8896,23.6988,0,82.924,98.76068,NA,NA,0.51516,17.44,14.001,151.96,453.64,241.04,NA,40.36,48.44,390.96,431.64,NA,NA,NA,NA,NA,NA,58.78810262
138,15,2005,9,11.24,15.6,0.5394,0.420615385,16.632,44.84,3.3932,NA,NA,0,18.07692308,NA,NA,NA,-17.72,18.452,18.7988,1.152,91.036,99.10444,NA,NA,0.17512,16.92,13,39.64,127.16,57.56,NA,12.26315789,10.91304348,383.36,391,NA,NA,NA,NA,NA,NA,59.08155927
139,16,2005,9,11.24,15.6,0.5394,0.44268,17.24804,337.52,3.4744,NA,NA,0,28.12,NA,NA,NA,-13.2,18.5508,18.6384,0,92.808,99.16008,NA,NA,0.14724,17,12.6,79.12,223.52,116.2,NA,16.22727273,17.36,375.52,395.04,NA,NA,NA,NA,NA,NA,59.37619446
140,17,2005,9,11.24,15.6,0.5394,0.213222222,21.104,122.76,1.4124,NA,NA,0,155.125,NA,NA,NA,8.64,20.0424,19.25844,0.008,63.416,99.22052,NA,NA,1.07392,17.48,12.08,276.04,789.68,427.68,NA,55.48,64.2,339.24,426.72,NA,NA,NA,NA,NA,NA,59.67193551
141,18,2005,9,11,15,0.5394,0.341884615,22.67307692,150.3076923,2.633846154,NA,NA,0,134.0769231,NA,NA,NA,14.65384615,20.82,19.96807692,0,67.38461538,99.18142308,NA,NA,1.074307692,18,12.26923077,231.9230769,681,369.1538462,NA,49.42307692,59.19230769,354.2692308,432.6153846,NA,NA,NA,NA,NA,NA,61.42746584
142,19,2005,9,12.10714286,15,0.5394,0.672190476,25.74285714,187.4642857,5.867142857,5.355,5.355,0,122.1904762,NA,96.6,NA,22.39285714,22.89642857,22.08142857,0.235714286,75.95714286,99.08603571,NA,NA,1.092428571,18.75,12.78571429,218.3214286,593.9285714,314.6785714,NA,52.19230769,55.11538462,398.6071429,443.5714286,NA,NA,NA,NA,NA,NA,65.28990265
143,20,2005,9,11.24,15.6,0.5394,0.219478261,24.408,213.28,1.426,6.82864,6.82864,0,104.52,NA,77.92,NA,16.28,23.4976,22.5864,0,71.30004,99.46024,NA,NA,1.0266,19,13,219.92,617.6,328.2,NA,40.08,42.36,375.52,441.68,NA,NA,NA,NA,NA,NA,60.56505544
144,21,2005,9,11.24,15.6,0.5394,0.336,25.26,131.76,2.5012,4.979,4.979,0,145.2777778,NA,79.83333333,NA,16.24,22.8876,21.8576,0,60.368,99.25616,NA,NA,1.49744,19,13.56056,264.68,770.8,421.88,NA,51.76,58.12,350.08,449.12,NA,NA,NA,NA,NA,NA,60.86447771
145,22,2005,9,11.24,15.6,0.2972,0.512125,30.528,208.92,4.9716,3.518111111,3.518111111,0,70.4375,NA,33.22222222,NA,28.48,24.6092,23.396,0.032,58.82,98.50848,NA,NA,2.109,21.28,14.88056,232.24,677,361.72,NA,49.72,55,398.32,472.88,NA,NA,NA,NA,NA,NA,61.1646309
146,23,2005,9,11.5,15,0.2972,0.547818182,18.42307692,33.46153846,3.949230769,1.126454545,1.126454545,0,52.90909091,NA,31.45454545,NA,-13.42307692,20.09153846,19.805,1.1,96.27307692,99.21965385,NA,NA,0.084307692,25.26923077,16.46153846,51.73076923,143.9615385,68.46153846,NA,12.22222222,11.26315789,393.6153846,401.7307692,NA,NA,NA,NA,NA,NA,62.68126162
147,24,2005,9,11.48,15.6,0.2972,NA,25.60408,127.6,2.5188,NA,NA,0,NA,NA,NA,NA,30.36,23.0968,21.9764,0,71.016,99.10024,NA,NA,1.27256,24.88,17,194.64,540.08,284.96,NA,34.88,35.32,391.2,446.36,NA,NA,NA,NA,NA,NA,64.08870407
148,25,2005,9,10.85714286,13.92857143,0.2972,NA,20.97142857,111.6071429,3.4875,NA,NA,0,NA,NA,NA,NA,15.07142857,21.7075,21.27857143,1.178571429,99.075,98.61842857,NA,NA,0.0245,26.46442857,17.75,51.21428571,140.9642857,63.25,NA,7.421052632,6.25,407.8571429,414.1428571,NA,NA,NA,NA,NA,NA,67.33486106
149,26,2005,9,11.5,15,0.2972,0.482230769,21.025,302,4.30375,2.711923077,2.711923077,0,63.69230769,NA,77.23076923,NA,6.166666667,21.55291667,21.02125,0,82.69166667,98.74616667,NA,NA,0.459,23.70833333,17,170.625,449.5416667,230.9583333,NA,27.20833333,24.66666667,382.5416667,418.1666667,NA,NA,NA,NA,NA,NA,60.8286391
150,27,2005,9,11,15,0.2972,0.24275,20.67083333,100.0833333,1.750833333,1.662434783,1.662434783,0,160.4347826,NA,71.65217391,NA,-6.416666667,20.30291667,19.51666667,0,59.65416667,99.27941667,NA,NA,1.167375,23,17,270.1666667,781.5416667,421.9166667,NA,47.83333333,48.41666667,322.2916667,425.5416667,NA,NA,NA,NA,NA,NA,61.83180155
151,28,2005,9,11.85185185,15.55555556,0.2972,0.612181818,21.2037037,195.037037,5.868888889,4.202954545,4.202954545,0,80.54545455,NA,67.45454545,NA,4.333333333,19.64374074,18.99633333,0.281481481,79.51481481,98.43,NA,NA,0.614,23.59259259,17.25925926,126.2962963,385.5555556,208.5185185,NA,33.74074074,34.18518519,370.2962963,418.2962963,NA,NA,NA,NA,NA,NA,66.61797554
152,29,2005,9,11,15,0.2972,0.348869565,14.025,303.0416667,3.292916667,-0.40675,-0.40675,0,110.2083333,NA,106.25,NA,-39.5,15.67875,15.17341667,0,47.525,99.52129167,NA,NA,0.958875,23,17,225.9166667,763.1666667,437.9166667,NA,78.16666667,82.375,263.1666667,392.7916667,NA,NA,NA,NA,NA,NA,62.43657683
153,30,2005,9,11,15,0.29,0.329208333,17.25,179.2083333,3.57125,0.533583333,0.533583333,0,117.1666667,NA,93.79166667,NA,-1.541666667,15.08708333,14.35425,0,45.75,99.17129167,NA,NA,1.21175,22.91666667,17,223,748.3333333,425.5,NA,79.83333333,83.95833333,289.6666667,408.125,NA,NA,NA,NA,NA,NA,62.7392112
154,1,2007,5,11.24137931,15.51724138,,0.483666667,26.01034483,230.6896552,5.809655172,2.643285714,2.643285714,0,82.04761905,NA,64.57142857,NA,52.86206897,25.10551724,21.81865517,0,55.41034483,98.46896552,NA,NA,1.608034483,34.8137931,36.34827586,184.4137931,554.7931034,316.2068966,NA,65.62068966,62.62068966,395.8275862,465.0344828,NA,NA,NA,NA,NA,NA,55.14331147
155,2,2007,5,11.5,15,,0.364478261,20.06428571,52,5.364642857,1.331521739,1.331521739,0,61.39130435,NA,24.56521739,NA,17.5,20.87932143,19.16428571,0,73.78928571,98.87510714,NA,NA,0.647464286,34.24325,36.26428571,104.9642857,328.5714286,185.3571429,NA,38.82142857,36.03571429,383.5714286,427.9642857,NA,NA,NA,NA,NA,NA,53.32074673
156,3,2007,5,11.5,15,,0.335642857,17.50717857,81.53571429,6.021428571,1.047607143,1.047607143,0,51.17857143,NA,23.75,NA,9.071428571,17.95860714,16.64571429,0,68.5,99.0505,NA,NA,0.646428571,33.62503571,35.99642857,101.2142857,280.2857143,155,NA,32.53846154,27.89285714,387.4642857,413.25,NA,NA,NA,NA,NA,NA,53.10834762
157,4,2007,5,11.5,15,,0.3158,17.64289286,90.64285714,6.334642857,-4.512954545,-4.512954545,0,15.24,NA,64.72,NA,15.21428571,17.19607143,16.40821429,0.035714286,88.85714286,98.79321429,NA,NA,0.208,33.28246429,35.96071429,89.71428571,242.8571429,128.6071429,NA,26.11538462,20.14814815,389.3571429,408.5357143,NA,NA,NA,NA,NA,NA,52.89961359
158,5,2007,5,11.24137931,15.51724138,,0.2225,20.98965517,92.75862069,3.965862069,1.018551724,1.018551724,0,78,NA,54.86206897,NA,40.06896552,21.79034483,19.82662069,0,81.64482759,98.87955172,NA,NA,0.536413793,33.48662069,35.90344828,174.6551724,491.0689655,275.8275862,NA,50.06896552,48.03448276,388.7931034,441.8275862,NA,NA,NA,NA,NA,NA,54.29832199
159,6,2007,5,11.24137931,15.51724138,,0.463482759,19.76551724,84.72413793,8.658275862,1.578034483,1.578034483,0,139.4482759,NA,54.27586207,NA,28.03448276,21.14172414,18.42724138,0,31.3862069,99.65917241,NA,NA,1.683137931,32.94851724,35.77586207,218.7931034,683.3793103,409.4827586,NA,73.82758621,80.51724138,325.0689655,435.3448276,NA,NA,NA,NA,NA,NA,54.09643662
160,7,2007,5,11.24137931,15.51724138,,0.371285714,22.77931034,147.6551724,5.81862069,1.745034483,1.745034483,0,169.9310345,NA,56.10344828,NA,61.34482759,25.7437931,21.92448276,0,47.42413793,99.34872414,NA,NA,1.588724138,32.52089655,35.63103448,273.6206897,846.7931034,498.5172414,NA,92.10344828,97.79310345,341.3448276,468.6206897,NA,NA,NA,NA,NA,NA,53.89839018
161,8,2007,5,11.24137931,15.51724138,,0.23208,26.82068966,255.2758621,3.112413793,1.73862069,1.73862069,0,132.9310345,NA,50.93103448,NA,68.4137931,30.38,26.37110345,0,59.63793103,99.08651724,NA,NA,1.635034483,32.39693103,35.85862069,254.4482759,787.7241379,444.2413793,NA,85.27586207,83.06896552,388.9655172,495.7586207,NA,NA,NA,NA,NA,NA,53.7042274
162,9,2007,5,11.5,15,,0.234380952,25.27142857,284.1428571,3.013214286,0.941481481,0.941481481,0,115.6071429,NA,57.10714286,NA,45.71428571,27.39392857,24.78821429,0,54.79289286,98.82535714,NA,NA,1.614142857,31.70025,35.75714286,209.7142857,669.5357143,377.8928571,NA,71.35714286,71.5,382.8571429,479.6785714,NA,NA,NA,NA,NA,NA,51.91254479
163,10,2007,5,11.24137931,15.51724138,,0.164052632,26.30689655,259.1034483,1.892413793,1.543482759,1.543482759,0,113,NA,48.13793103,NA,45.89655172,27.70655172,24.63727586,0,41.9827931,98.71448276,NA,NA,2.198551724,30.79310345,35.48965517,210.6551724,682.1724138,381.7241379,NA,73.55172414,71.13793103,389,488.9310345,NA,NA,NA,NA,NA,NA,53.32772501
164,11,2007,5,11.24137931,15.51724138,,0.193148148,26.14827586,184.7586207,2.336551724,0.673724138,0.673724138,0,53.37931034,NA,36.13793103,NA,30.10344828,25.52655172,23.39,0,49.33796552,98.83848276,NA,NA,1.910103448,29.95517241,35.19310345,128.1724138,454.8965517,253.3793103,NA,48.75862069,47.27586207,395.7241379,473.6896552,NA,NA,NA,NA,NA,NA,53.14546808
165,14,2007,5,11.24137931,15.51724138,,0.555086957,25.19310345,182.137931,6.278965517,-0.074652174,-0.074652174,0,221.5217391,NA,50.65217391,NA,46.51724138,28.94103448,25.62965517,0,36.44834483,99.20362069,NA,NA,2.196413793,27.07286207,33.48972414,272.8965517,868.2758621,508.0689655,NA,93.24137931,101.8965517,350.4482759,483.5517241,NA,NA,NA,NA,NA,NA,52.62314143
166,15,2007,5,8.5,15,,0.5200625,25.93888889,214.0555556,6.882222222,2.539933333,2.539933333,0,139.9375,NA,37.64285714,NA,36.88888889,28.36388889,24.83944444,0.244444444,51.28333333,98.62822222,NA,NA,1.7385,26.18344444,32.88372222,263.9444444,762.1111111,450.5555556,NA,82.11111111,89.66666667,380.4444444,477.3333333,NA,NA,NA,NA,NA,NA,51.22914989
167,18,2007,5,11.24137931,15.51724138,,0.241642857,17.66896552,261.4137931,2.195517241,-0.289086957,-0.289086957,0,167.6086957,NA,55.26086957,NA,90.62068966,21.49724138,19.23827586,0,35.26206897,99.8832069,NA,NA,1.501448276,NA,NA,266.3793103,891.0689655,542.8965517,NA,91.44827586,109.2413793,272.4482759,439.5172414,NA,NA,NA,NA,NA,NA,51.98506595
168,19,2007,5,11.24137931,15.51724138,,0.436068966,21.01724138,221.9310345,5.756206897,0.323344828,0.323344828,0,171.8965517,NA,52.4137931,NA,1.75862069,22.54862069,20.47413793,0,35.68965517,99.46913793,NA,NA,1.765310345,NA,NA,275.6896552,888.0344828,540.5172414,NA,94.34482759,113.0689655,296.5172414,448.3448276,NA,NA,NA,NA,NA,NA,51.83618399
169,20,2007,5,11.24137931,15.51724138,,0.275793103,24.2137931,248.5517241,3.457931034,-0.125034483,-0.125034483,0,161.5862069,NA,53.4137931,NA,96.75862069,27.39655172,23.67965517,0,43.40006897,99.12796552,NA,NA,1.905758621,23.61386207,28.23468966,263.9655172,847.0689655,497.6896552,NA,90.72413793,101.2413793,341.2068966,473.862069,NA,NA,NA,NA,NA,NA,51.69161516
170,21,2007,5,11.24137931,15.51724138,,0.336517241,25.31037931,172.0344828,4.259655172,0.379724138,0.379724138,0,162.3448276,NA,48.85714286,NA,88.89655172,28.05103448,24.5862069,0,36.99310345,99.13137931,NA,NA,2.226310345,23.46572414,27.97306897,263.5517241,880.4482759,519.9310345,NA,94.20689655,107.3448276,329.5172414,478.6896552,NA,NA,NA,NA,NA,NA,51.55138623
171,22,2007,5,11.24137931,15.51724138,,0.481321429,26.58275862,160.7586207,6.592413793,0.701068966,0.701068966,0,141.5517241,NA,46.10344828,NA,76.96551724,27.46313793,24.24517241,0,34.07931034,99.20765517,NA,NA,2.418689655,23.04858621,27.518,230.1724138,729.7931034,433.1724138,NA,78.96551724,89.65517241,358.6551724,472.2068966,NA,NA,NA,NA,NA,NA,51.41552258
172,23,2007,5,11.24137931,15.51724138,,0.560758621,27.69310345,171.5862069,6.612758621,0.22762069,0.22762069,0,132.6551724,NA,55.72413793,NA,78.96551724,28.27689655,25.04413793,0,38.66555172,99.47275862,NA,NA,2.426413793,22.80737931,27.11082759,232.137931,726.7931034,430.5517241,NA,77.51724138,90.4137931,370.3793103,478.3793103,NA,NA,NA,NA,NA,NA,51.28404824
173,24,2007,5,11.5,15,,0.69,27.23666667,175.7333333,8.119666667,1.1604,1.1604,0,147.7333333,NA,42.33333333,NA,71.76666667,28.16006667,25.282,0,45.6767,99.5468,NA,NA,2.098333333,22.5935,26.79046667,243,759.6333333,449.3333333,NA,80.8,94.1,361.0333333,473.2333333,NA,NA,NA,NA,NA,NA,52.42116523
174,25,2007,5,11.16129032,15.48387097,,0.2278,20.52903226,178.9677419,2.768709677,-0.432222222,-0.432222222,0,38.74074074,NA,75.03703704,NA,11.64516129,22.50516129,22.26032258,0.187096774,87.52258065,99.64877419,NA,NA,0.358967742,22.213,26.69712903,165.3870968,420.8064516,244.7419355,NA,36.92857143,38.12903226,382.8387097,424.2580645,NA,NA,NA,NA,NA,NA,54.3836021
175,26,2007,5,11.87096774,15.48387097,,0.404964286,22.7483871,192.0967742,4.449032258,-1.553142857,-1.553142857,0,51.35714286,NA,89.82142857,NA,36,22.87935484,22.27419355,0.038709677,81.82903226,99.32616129,NA,NA,0.571129032,22.12287097,26.51325806,168.1290323,460.3225806,262.6774194,NA,41.3,47.22580645,387.1612903,434.3225806,NA,NA,NA,NA,NA,NA,54.52817883
176,27,2007,5,11.5,15,,0.26612,21.53666667,246.2,3.202333333,0.183192308,0.183192308,0,26.19230769,NA,103.0769231,NA,37.26666667,22.12466667,21.58966667,0.413333333,88.71666667,99.23366667,NA,NA,0.3187,24.11023333,29.26713333,176.1,444.1,249.4333333,NA,37.64285714,34.7,384.4666667,423.1,NA,NA,NA,NA,NA,NA,52.06508257
177,28,2007,5,11,15,,0.149821429,22.89333333,130.9666667,2.114333333,-0.2761,-0.2761,0,34.3,NA,104.2,NA,60.23333333,22.92333333,22.271,0,82.84333333,99.42703333,NA,NA,0.557833333,26.36346667,31.27333333,180,469.3,263.4333333,NA,33.67857143,38.23333333,388.3333333,433.4,NA,NA,NA,NA,NA,NA,52.18586036
178,29,2007,5,11.5,15,,0.285633333,26.94,140.4333333,3.750333333,-1.816966667,-1.816966667,0,46.7,NA,176.9333333,NA,67.2,25.36033333,24.35666667,0,63.07,99.3303,NA,NA,1.4928,26.50363333,31.13666667,267.5666667,703.6333333,424.4,NA,53.86666667,73.16666667,372.9333333,456.4333333,NA,NA,NA,NA,NA,NA,51.84986086
179,30,2007,5,11.5,15,,0.413833333,26.5,170.6,5.038,-2.5398,-2.5398,0,61.8,NA,119.5,NA,63.26666667,25.76866667,24.75566667,0,59.57336667,99.16053333,NA,NA,1.518066667,26.13033333,30.63666667,237.1333333,663.0333333,396.8,NA,54.4,76.76666667,374.5,457.4,NA,NA,NA,NA,NA,NA,51.74895465
180,31,2007,5,11.5,15,,0.400366667,22.91666667,175,4.624333333,-0.597966667,-0.597966667,0,36.03333333,NA,60.83333333,NA,27,23.01566667,22.58066667,0,77.36333333,99.0171,NA,NA,0.6457,25.37666667,29.96333333,130.9333333,363.8666667,207.9,NA,28.4,39.36666667,394.1333333,431.6,NA,NA,NA,NA,NA,NA,51.65253967
181,1,2007,6,11.25806452,14.51612903,,0.391833333,25.47741935,169.5806452,4.078709677,-5.775448276,-5.775448276,0,79.76666667,NA,111.8333333,NA,74.70967742,27.10225806,25.72548387,0.006451613,72.84193548,98.73248387,NA,NA,1.067516129,25.24516129,29.46129032,259.516129,716.6774194,416.1612903,NA,54.16129032,79.64516129,383.7741935,460.7419355,NA,NA,NA,NA,NA,NA,52.96576162
182,2,2007,6,11.5,15,,0.3612,25.40666667,214.4,4.258333333,-6.629166667,-6.629166667,0,100.9,NA,101.4666667,NA,70.36666667,27.80233333,26.47966667,0,66.58333333,98.34366667,NA,NA,1.175433333,24.66,29.04666667,268.2,771.7666667,451.3333333,NA,57.56666667,87.73333333,366.4333333,461.6666667,NA,NA,NA,NA,NA,NA,51.47324086
183,3,2007,6,11.5,15,,0.408689655,23.16333333,233.9666667,4.364666667,-6.284827586,-6.284827586,0,82.44827586,NA,97.06896552,NA,42.03333333,25.93566667,25.02566667,0.006666667,72.20666667,97.5602,NA,NA,0.8531,24.02333333,28.37333333,227.9666667,633.1333333,371.9333333,NA,44.8,73.96666667,373.4666667,443.3666667,NA,NA,NA,NA,NA,NA,51.39038289
184,4,2007,6,11.5,15,,0.556777778,20.31,272,5.918,-3.874074074,-3.874074074,0,69.40740741,NA,90.7037037,NA,17.1,22.59266667,22.12066667,0.053333333,80.68333333,97.44023333,NA,NA,0.497266667,23.3206,27.63723333,204.2666667,559.3,331.0666667,NA,38.1,66.23333333,358.2666667,418.8,NA,NA,NA,NA,NA,NA,51.31206794
185,5,2007,6,11.25806452,14.51612903,,0.316714286,20.02903226,197.483871,3.443870968,-6.673935484,-6.673935484,0,118.1612903,NA,85.41935484,NA,14.67741935,25.28874194,24.05096774,0,71.51935484,98.11641935,NA,NA,0.731580645,NA,NA,263.8387097,767.2258065,461.1935484,NA,52.77419355,90.74193548,326.516129,433.0322581,NA,NA,NA,NA,NA,NA,52.64541638
186,6,2007,6,11.5,15,,0.460833333,22.7,138.8,5.291,-9.602666667,-9.602666667,0,103.3666667,NA,110.2666667,NA,69.06666667,24.68733333,23.21803333,0,60.07,98.43043333,NA,NA,1.278366667,22.8372,26.49033333,270.3333333,777.8,473.2333333,NA,53.4,97.2,339.4333333,445.1666667,NA,NA,NA,NA,NA,NA,51.16910686
187,7,2007,6,11.25806452,14.51612903,,0.869354839,28.87096774,175.1612903,9.364193548,-6.83683871,-6.83683871,0,80.03225806,NA,113.9354839,NA,58.41935484,29.12645161,26.76612903,0,59.83548387,97.76809677,NA,NA,1.692064516,22.90990323,26.18109677,280.7741935,780.9354839,459.9354839,NA,52.61290323,92.48387097,385.0967742,471.6451613,NA,NA,NA,NA,NA,NA,52.51278455
188,8,2007,6,11.25806452,14.51612903,,0.529903226,24.37096774,267.8387097,5.771935484,-8.74883871,-8.74883871,0,86,NA,108.2258065,NA,47.29032258,27.81612903,26.35645161,0,62.3483871,98.58758065,NA,NA,1.138290323,22.67748387,25.78077419,215.6774194,659.6451613,384.6129032,NA,42.06451613,80.5483871,359.516129,447.9354839,NA,NA,NA,NA,NA,NA,52.45338025
189,9,2007,6,11.25806452,14.51612903,,0.1995,23.11935484,170.6451613,1.882258065,-11.51437931,-11.51437931,0,88.72413793,NA,121.7241379,NA,68.19354839,26.51974194,25.01806452,0,49.18067742,99.27454839,NA,NA,1.597870968,22.24851613,24.9516129,284.1612903,866.4193548,515.6129032,NA,54.67741935,100.3225806,319.7419355,450.7419355,NA,NA,NA,NA,NA,NA,52.39859092
190,10,2007,6,11.25806452,14.51612903,,0.246733333,23.36451613,115.1612903,2.919677419,-12.03774194,-12.03774194,0,41.58064516,NA,104.4193548,NA,42.4516129,25.71483871,24.29129032,0,53.02580645,99.15196774,NA,NA,1.467741935,21.84516129,24.40645161,182.6451613,549.4516129,338.7419355,NA,36.16666667,70.09677419,353.0322581,439,NA,NA,NA,NA,NA,NA,52.34842073
191,11,2007,6,11.5,15,,0.278566667,26.38666667,86.9,3.392666667,-15.064,-15.064,0,69.9,NA,171.3666667,NA,71.26666667,28.70533333,26.546,0,45.10666667,99.2305,NA,NA,2.0808,21.88683333,24.13666667,292.5666667,877.4333333,518.5666667,NA,53.6,102.6,343.0666667,466.3666667,NA,NA,NA,NA,NA,NA,50.89179518
192,12,2007,6,11.5,15,,0.363233333,27.22333333,43.3,3.942666667,-13.71163333,-13.71163333,0,75.83333333,NA,156.3,NA,70.4,29.42,27.24366667,0,45.04003333,99.3636,NA,NA,2.122933333,21.75666667,23.79333333,294.4,871.3,520.0666667,NA,52.8,103.3,346.7333333,469.0666667,NA,NA,NA,NA,NA,NA,50.85010629
193,13,2007,6,11.25806452,14.51612903,,0.342032258,27.37419355,65.09677419,3.87516129,-14.87793548,-14.87793548,0,74.51612903,NA,159.483871,NA,71.06451613,29.13903226,27.20935484,0,51.79677419,99.09377419,NA,NA,1.916580645,21.53548387,23.54225806,287.8709677,852.8064516,503.5806452,NA,53,99.29032258,356.8064516,473.2903226,NA,NA,NA,NA,NA,NA,52.22565187
194,14,2007,6,11.5,15,,0.247428571,29.02666667,65.56666667,2.621,-15.25706667,-15.25706667,0,46.16666667,NA,157.2666667,NA,63.43333333,31.37933333,29.00573333,0,49.60336667,98.8735,NA,NA,2.243666667,21.42333333,23.30043333,261.4,779.1333333,458.2333333,NA,48.76666667,88.36666667,373.1,481.6666667,NA,NA,NA,NA,NA,NA,50.78052706
195,15,2007,6,11.5,15,,0.247833333,28.59333333,66.7,3.012,-15.54663333,-15.54663333,0,53.03333333,NA,168.4333333,NA,72.93333333,31.635,29.37373333,0,47.44666667,98.9103,NA,NA,2.239633333,21.17666667,23.12386667,280.9333333,835.4666667,493.9,NA,52.66666667,96.33333333,364.7333333,481.2666667,NA,NA,NA,NA,NA,NA,50.75263907
196,16,2007,6,11.25806452,14.51612903,,0.264407407,29.46458065,267.3548387,2.184193548,-14.97764516,-14.97764516,0,44.25806452,NA,177.1290323,NA,65.58064516,33.04616129,30.34035484,0,47.3483871,99.01332258,NA,NA,2.374,20.96451613,23.07106452,268,774.6129032,456.8387097,NA,49.19354839,89.38709677,384.483871,483.8709677,NA,NA,NA,NA,NA,NA,52.14451289
197,17,2007,6,11.5,15,,0.283482759,29.8667,222.6333333,2.820666667,-15.7972,-15.7972,0,37.56666667,NA,162.9,NA,67.43333333,33.66666667,31.159,0,56.98666667,98.93043333,NA,NA,1.9895,20.78006667,23.05376667,293.9,728.1666667,435.3,NA,46.16666667,87.96666667,431.1666667,484.6333333,NA,NA,NA,NA,NA,NA,50.71066597
198,18,2007,6,11.5,15,,0.443413793,26.02333333,167.9666667,4.645666667,-14.66017241,-14.66017241,0,40.75862069,NA,110.4482759,NA,33.93333333,28.015,27.07766667,0.006666667,74.69,98.68056667,NA,NA,0.876366667,20.25676667,22.68003333,231.6333333,510.2666667,297.5666667,NA,29.66666667,62.36666667,449.2,452.8,NA,NA,NA,NA,NA,NA,50.6965783
199,19,2007,6,10.51515152,15.45454545,,0.430967742,25.28787879,278.8181818,4.55969697,-10.41083871,-10.41083871,0,72.93548387,NA,154.5483871,NA,33.15151515,28.62242424,27.41151515,0.03030303,63.11818182,98.87915152,NA,NA,1.320575758,20.23654545,22.42445455,338.3333333,752.0606061,437.9090909,NA,45.22580645,86.90909091,439.8484848,452.5454545,NA,NA,NA,NA,NA,NA,56.56615495
200,20,2007,6,11.25806452,14.51612903,,0.180214286,24.51612903,306.1935484,1.953548387,-14.10735484,-14.10735484,0,67.25806452,NA,149.3225806,NA,57.87096774,28.57709677,26.79290323,0,50.1483871,99.51974194,NA,NA,1.734580645,19.93883871,22.01619355,302.9032258,814.0322581,482.3870968,NA,46.41935484,94.77419355,368.3548387,453.0322581,NA,NA,NA,NA,NA,NA,52.10100979
201,22,2007,6,11.5,15,,0.24425,21.7,61,3.034,-10.755125,-10.755125,0,7.875,NA,96.75,NA,11.76666667,23.079,23.10766667,0,86.62333333,99.08353333,NA,NA,0.399333333,19.7103,28.43343333,242.6333333,565.8333333,309.7666667,NA,30.03333333,63.43333333,422.9666667,426.6,NA,NA,NA,NA,NA,NA,50.68615401
202,25,2007,6,11.25806452,14.51612903,,0.197086957,25.44516129,157.516129,1.88483871,-16.70314815,-16.70314815,0,27.88888889,NA,118.3703704,NA,37.5483871,25.13806452,24.54870968,0,86.35806452,99.21329032,NA,NA,0.517483871,32.65529032,34.39377419,281.5806452,616.516129,343.2580645,NA,28.73333333,66.16129032,448.7096774,444.2580645,NA,NA,NA,NA,NA,NA,52.15015817
203,26,2007,6,11.25806452,14.51612903,,0.305448276,24.98709677,183.0967742,2.942903226,-15.94822222,-15.94822222,0,15.20689655,NA,115.9285714,NA,23.5483871,24.68967742,24.36967742,0.032258065,90.20322581,99.48419355,NA,NA,0.360516129,31.83251613,34.22283871,223.6774194,488.9032258,277.1935484,NA,25.14814815,54.5483871,439.7741935,438.6774194,NA,NA,NA,NA,NA,NA,52.17371835
204,27,2007,6,10.75862069,14.48275862,,0.34425,26.45517241,208.0344828,3.267241379,-21.39978571,-21.39978571,0,28.35714286,NA,171.3333333,NA,32.44827586,26.16310345,25.49034483,0.006896552,87.21034483,99.19727586,NA,NA,0.504896552,31.61037931,33.91396552,309.3448276,673.0689655,382,NA,30.71428571,75.34482759,451.2068966,448.4827586,NA,NA,NA,NA,NA,NA,50.20069054
205,28,2007,6,11.77419355,15.48387097,,0.264333333,22.19032258,220.7741935,2.351290323,0.779555556,0.779555556,0,4.277777778,NA,1,NA,-3.161290323,23.59645161,23.59096774,0.258064516,98.56129032,99.09077419,NA,NA,0.036258065,36.19358065,35.67419355,100.3548387,263.9677419,129.6129032,NA,11.79310345,27.35483871,419.0967742,421.0967742,NA,NA,NA,NA,NA,NA,52.27117285
206,29,2007,6,11.5,15,,0.245724138,20.57333333,324.2333333,2.309666667,1.527103448,1.527103448,0,47.06896552,NA,4.862068966,NA,6.233333333,21.487,21.32866667,0.006666667,82.08,99.22073333,NA,NA,0.4733,35.50666667,35.29,295.7666667,620.6333333,366.3333333,NA,27.16666667,73.8,418,414.8666667,NA,NA,NA,NA,NA,NA,50.84388752
207,30,2007,6,11.5,15,,0.347366667,22.61666667,46.06666667,3.225666667,1.362666667,1.362666667,0,41.46666667,NA,5.066666667,NA,20.1,21.81,21.564,0,81.54333333,99.1505,NA,NA,0.5685,34.15356667,35,308.4666667,657.5,400.1333333,NA,29.5,86.1,418.8,424.3,NA,NA,NA,NA,NA,NA,50.88457853
208,1,2007,7,11.25806452,14.51612903,,0.350225806,22.70967742,46.77419355,3.221290323,1.445483871,1.445483871,0,28.80645161,NA,3.258064516,NA,14.5483871,21.01322581,20.86225806,0,70.00648387,99.44848387,NA,NA,0.915709677,32.8873871,34.71625806,308.9032258,705.3870968,426.1290323,NA,31.16129032,93.70967742,398.3225806,421.7741935,NA,NA,NA,NA,NA,NA,52.35961074
209,2,2007,7,11.5,15,,0.314241379,21.82,71.9,2.871333333,1.925944444,1.925944444,0,63.83333333,NA,7.277777778,NA,19.06666667,21.454,21.03766667,0,69.28,99.62016667,NA,NA,0.901633333,31.57,34.3935,402.8666667,869.4,515.7,NA,37.46666667,107.3333333,416.5,422.1,NA,NA,NA,NA,NA,NA,50.9794745
210,3,2007,7,11.5,15,,0.207035714,23.69,181,1.847666667,-24.6712069,-24.6712069,0,31.6,NA,215.4482759,NA,26.06666667,22.87836667,22.13,0,66.1167,99.25706667,NA,NA,1.103533333,30.34666667,34.01353333,412.3333333,1303.833333,513.7666667,NA,44.3,106.5,434.4333333,429.4,NA,NA,NA,NA,NA,NA,51.03365449
211,4,2007,7,11.5,15,,0.392384615,24.78,226.3,3.570666667,-14.274,-14.274,0,10.46153846,NA,100.5,NA,22.46666667,23.488,22.82533333,0.026666667,87.70333333,98.71723333,NA,NA,0.422433333,29.34,33.85376667,187.8333333,702.4333333,275.0666667,NA,27.41666667,62.23333333,410.1,435.1,NA,NA,NA,NA,NA,NA,51.09230454
212,5,2007,7,11.25806452,14.51612903,,0.250655172,26.55483871,273.8709677,2.301612903,-17.50962069,-17.50962069,0,22.4137931,NA,162.9285714,NA,23.06451613,25.17548387,24.34225806,0.012903226,81.49677419,98.84570968,NA,NA,0.722387097,28.73548387,33.56170968,271.4193548,1057.129032,414,NA,35.58064516,88.87096774,390.3870968,444.1612903,NA,NA,NA,NA,NA,NA,52.58924993
213,6,2007,7,11.5,15,,0.18237037,27.39,297.5,1.531333333,-22.69116667,-22.69116667,0,19.96666667,NA,228.4333333,NA,24.03333333,25.53766667,24.47866667,0,67.14666667,99.10033333,NA,NA,1.3504,27.7241,32.88356667,328.4333333,1313.2,507.2333333,NA,41.8,103,370.3333333,446.3,NA,NA,NA,NA,NA,NA,51.22295632
214,7,2007,7,11.5,15,,0.195827586,27.40333333,178.0666667,1.723,-26.02073333,-26.02073333,0,21.3,NA,223.8666667,NA,27.8,26.16066667,24.84766667,0,69.55666667,98.8403,NA,NA,1.229966667,26.57696667,31.9603,354.9,1290.4,498.6666667,NA,41,102.0333333,406.8,448.6,NA,NA,NA,NA,NA,NA,51.29492678
215,8,2007,7,11.5,15,,0.373066667,28.19666667,210.8666667,3.437666667,-22.25716667,-22.25716667,0,13.13333333,NA,209.3666667,NA,28.23333333,27.37236667,25.79633333,0,72.86333333,98.50706667,NA,NA,1.147066667,25.66676667,30.87666667,402.3,1286.666667,502.5666667,NA,41.03333333,106.6666667,461.4,454.7333333,NA,NA,NA,NA,NA,NA,51.37130477
216,13,2007,7,11.5,15,,0.2115,24.07666667,280.8666667,1.665,-26.77731818,-26.77731818,0,42.22727273,NA,254.0454545,NA,28.33333333,22.679,22.20833333,0.006666667,62.34,98.9838,NA,NA,1.253133333,24.22,27.88046667,321.5333333,1298.133333,533.1666667,NA,43.66666667,128.0333333,345.2,428.9,NA,NA,NA,NA,NA,NA,51.81865874
217,14,2007,7,12.48484848,14.54545455,,0.452290323,24.35757576,220.8181818,4.011212121,-18.3353871,-18.3353871,0,25.70967742,NA,180.6129032,NA,20.36363636,22.46848485,21.8069697,0.012121212,69.83636364,98.46430303,NA,NA,1.054909091,23.47609091,26.29430303,281.6969697,1151.181818,456.3636364,NA,37.84848485,99.24242424,357.2424242,432.6666667,NA,NA,NA,NA,NA,NA,57.57016007
218,15,2007,7,11.5,15,,0.278586207,24.40333333,324.7,2.414,-17.84827586,-17.84827586,0,52,NA,179.2068966,NA,14.76666667,23.53233333,22.83533333,0.006666667,71.27333333,98.6269,NA,NA,0.957,23.15706667,25.22336667,318.0666667,1298.2,509.5666667,NA,41.93333333,104.4666667,345.7,432.8333333,NA,NA,NA,NA,NA,NA,52.02776777
219,16,2007,7,11.25806452,14.51612903,,0.166541667,25.16774194,172.0645161,1.242258065,-21.5956129,-21.5956129,0,28.58064516,NA,170.8064516,NA,20.90322581,22.95970968,22.03903226,0,67.81935484,98.91958065,NA,NA,1.157967742,22.48067742,24.13548387,271.1935484,1089.612903,425.0967742,NA,35.19354839,85.87096774,367.4516129,435.2580645,NA,NA,NA,NA,NA,NA,53.58217816
220,17,2007,7,11.5,15,,0.351,22.58,235.3666667,2.674666667,-15.6927,-15.6927,0,16.3,NA,96.8,NA,8.466666667,21.55066667,21.301,0.346666667,92.06666667,98.77046667,NA,NA,0.2616,34.0835,35.97333333,134.9333333,559.9666667,218.4333333,NA,28.81481481,50.13793103,386.9,422.0666667,NA,NA,NA,NA,NA,NA,52.2538427
221,18,2007,7,11.5,15,,0.35084,24.62333333,163.2666667,2.847333333,-9.392038462,-9.392038462,0,7.384615385,NA,69.5,NA,23.3,22.59133333,22.13433333,0.02,94.08333333,98.73023333,NA,NA,0.2208,35.73333333,35.71,119.1333333,474.6666667,189.6,NA,17,43.73333333,407,433.8,NA,NA,NA,NA,NA,NA,52.37317987
222,19,2007,7,11.5,15,,0.340481481,24.4,249.0333333,2.626,-11.15132143,-11.15132143,0,21.82758621,NA,107.9285714,NA,12.5,23.209,22.99,0.213333333,89.8,98.52356667,NA,NA,0.328233333,36.08666667,35.96333333,150.2,588.3,230.3,NA,20.51724138,51.2,402.6,431.5333333,NA,NA,NA,NA,NA,NA,52.49668164
223,20,2007,7,11.5,15,,0.4275,20.43,61.33333333,3.561333333,-18.63136667,-18.63136667,0,63.16666667,NA,176.4666667,NA,1.833333333,19.47766667,19.56533333,0,74.8967,99.307,NA,NA,0.6757,35.18333333,35.24666667,310.9666667,1264.4,510.5,NA,44.13333333,108.9,322.3333333,412.8666667,NA,NA,NA,NA,NA,NA,52.6243204
224,21,2007,7,11.5,15,,0.257233333,21.83333333,47.06666667,2.164,-19.16086667,-19.16086667,0,51.43333333,NA,170.4666667,NA,12.86666667,19.618,19.38703333,0,72.28333333,99.5837,NA,NA,0.81,33.60673333,34.5168,292.7333333,1215.7,486.2666667,NA,43.2,102.3666667,327.3666667,418.5666667,NA,NA,NA,NA,NA,NA,52.75606762
225,22,2007,7,11.5,15,,0.257827586,22.18,60.76666667,2.181333333,-21.50103333,-21.50103333,0,39.63333333,NA,186.7,NA,12.9,20.077,19.81066667,0,68.15333333,99.62013333,NA,NA,0.941933333,32.31046667,33.96723333,285.9666667,1199.3,480.7,NA,42.63333333,101.8666667,326.7333333,419.6,NA,NA,NA,NA,NA,NA,52.89189381
226,23,2007,7,11.5,15,,0.20964,23.86333333,77.46666667,1.502,-21.4192,-21.4192,0,38.2,NA,185.0333333,NA,18.4,20.6804,20.251,0,65.41666667,99.2538,NA,NA,1.152233333,31.06,33.30683333,300.4,1247.7,490.7333333,NA,45.03333333,101.5,338.9666667,427.7,NA,NA,NA,NA,NA,NA,53.03176852
227,24,2007,7,11.5,15,,0.15716,24.60666667,79.2,1.234333333,-20.50026667,-20.50026667,0,36.03333333,NA,182.0666667,NA,17.6,20.90433333,20.45133333,0,66.00666667,99.10693333,NA,NA,1.187233333,29.93666667,32.4438,293.3666667,1215.433333,467.8,NA,43.66666667,94.26666667,350.5,430.5666667,NA,NA,NA,NA,NA,NA,53.17566033
228,25,2007,7,11.5,15,,0.147964286,26.14333333,135.6,1.11,-23.48816667,-23.48816667,0,35.26666667,NA,194.0666667,NA,23.5,22.276,21.60933333,0,68.02,99.08023333,NA,NA,1.188733333,29.00666667,31.57683333,301.6333333,1203.333333,464.6333333,NA,43.46666667,95.6,372.5333333,440,NA,NA,NA,NA,NA,NA,53.32353687
229,26,2007,7,11.5,15,,0.204655172,25.01666667,181.3,1.795666667,-20.10224138,-20.10224138,0,20.68965517,NA,135.4137931,NA,21.4,22.57166667,21.95866667,0.006666667,82.68,98.86686667,NA,NA,0.6404,28.18003333,30.73666667,196.9,791.0666667,313.8666667,NA,28.73333333,70.93333333,389.9666667,435.9,NA,NA,NA,NA,NA,NA,53.4753648
230,27,2007,7,11.5,15,,0.25345,23.48571429,231.75,2.010714286,-7.152533333,-7.152533333,0,8.526315789,NA,41,NA,10.82142857,22.16857143,21.84321429,0.65,96.06071429,98.404,NA,NA,0.125178571,29.82539286,32.17510714,91.53571429,409.6428571,135.1785714,NA,14.5,30.71428571,414.4285714,427.4642857,NA,NA,NA,NA,NA,NA,50.76751369
231,28,2007,7,11.5,15,,0.280413793,24.38,174.5666667,2.198333333,-14.1034,-14.1034,0,34.7,NA,101.1,NA,19.06666667,22.73033333,22.33633333,0,91.41333333,98.58416667,NA,NA,0.295733333,31.78693333,32.96016667,205.3666667,753.3333333,300.0666667,NA,27.55172414,64.83333333,404.6333333,434.4,NA,NA,NA,NA,NA,NA,53.79073671
232,29,2007,7,11.5,15,,0.353642857,25.09666667,37.76666667,2.866666667,-19.23443333,-19.23443333,0,19.06666667,NA,173.3,NA,12.96666667,22.62866667,22.32833333,0,77.19003333,98.78713333,NA,NA,0.805633333,31.29333333,32.6737,262.4666667,1055.533333,415.8,NA,36.23333333,85.93333333,368.4666667,435.7666667,NA,NA,NA,NA,NA,NA,53.95420924
233,30,2007,7,11.24137931,15.51724138,,0.336827586,25.45172414,34.72413793,2.758275862,-22.06855172,-22.06855172,0,30.86206897,NA,202,NA,18.27586207,22.16068966,21.70586207,0,73.82072414,99.00034483,NA,NA,0.955206897,30.31724138,32.09689655,309.1034483,1252.586207,489.9655172,NA,44.82758621,102.0689655,360.2068966,438.9310345,NA,NA,NA,NA,NA,NA,52.90505987
234,31,2007,7,11.24137931,15.51724138,,0.275,26.71724138,31.55172414,2.257586207,-20.85458621,-20.85458621,0,25.96551724,NA,204.2758621,NA,21.27586207,22.97758621,22.35689655,0,72.71727586,99.10027586,NA,NA,1.038241379,29.35517241,31.47241379,313.137931,1261.103448,486.5517241,NA,45.10344828,98.82758621,371.2413793,445.862069,NA,NA,NA,NA,NA,NA,53.07581109
235,1,2007,8,11.24137931,15.51724138,,0.191551724,28.54827586,73.13793103,1.655517241,-22.25906897,-22.25906897,0,24.65517241,NA,213.2413793,NA,24.37931034,24.55206897,23.75551724,0,72.76896552,98.97631034,NA,NA,1.18737931,28.51724138,30.81034483,314.1034483,1266.862069,485.5517241,NA,45.37931034,97.17241379,381.2068966,455.5172414,NA,NA,NA,NA,NA,NA,53.25024682
236,2,2007,8,11.5,15,,0.129521739,29.63221429,222.25,0.874642857,-20.89567857,-20.89567857,0,26.42857143,NA,197.1071429,NA,23.35714286,24.53535714,23.73035714,0,68.77857143,98.97875,NA,NA,1.436428571,27.55403571,29.81785714,313.6785714,1211.5,466.8214286,NA,44.17857143,92,395.3571429,456.5714286,NA,NA,NA,NA,NA,NA,51.77986227
237,3,2007,8,11.24137931,15.51724138,,0.181230769,28.84834483,276.5172414,1.456206897,-20.90627586,-20.90627586,0,21.48275862,NA,193.4482759,NA,21.68965517,24.86482759,24.03275862,0,77.67931034,99.02803448,NA,NA,1.00637931,26.728,28.78275862,281.4137931,1082.275862,423.6551724,NA,39.55172414,85.24137931,397.6551724,454.7241379,NA,NA,NA,NA,NA,NA,53.61001285
238,4,2007,8,12.4516129,14.51612903,,0.346172414,24.76774194,65.4516129,2.876774194,-13.16017241,-13.16017241,0,18.51724138,NA,108.3103448,NA,11.06451613,23.71709677,23.20935484,0.116129032,83.71612903,98.96819355,NA,NA,0.532677419,25.73883871,27.56196774,185.8387097,671.7419355,270.2903226,NA,26.17241379,59.38709677,411.483871,436.6129032,NA,NA,NA,NA,NA,NA,57.70252192
239,5,2007,8,11.82758621,15.51724138,,0.391137931,28.56206897,206.2068966,3.322068966,-16.418,-16.418,0,11,NA,165.9310345,NA,23.96551724,25.67586207,24.78448276,0,83.47931034,98.47293103,NA,NA,0.715517241,25.49310345,26.87962069,260.8275862,948.8275862,368.4137931,NA,34.86206897,76.31034483,426.3448276,457.4827586,NA,NA,NA,NA,NA,NA,54.31658226
240,6,2007,8,11.5,15,,0.33725,28.84642857,207.1428571,2.896785714,-18.50928571,-18.50928571,0,32.67857143,NA,149.2857143,NA,27.07142857,26.67464286,25.68642857,0,85.80714286,98.52182143,NA,NA,0.581107143,25.18214286,26.11117857,274.5714286,985.8928571,382.7142857,NA,36.67857143,78.89285714,432.75,461.8214286,NA,NA,NA,NA,NA,NA,52.5286183
241,7,2007,8,11.5,15,,0.402892857,30.77503571,214.6071429,3.515714286,-18.58964286,-18.58964286,0,19.03571429,NA,208.6785714,NA,29,27.62178571,26.47464286,0,76.96075,98.37192857,NA,NA,1.1205,24.73571429,25.21789286,344.4642857,1224.214286,464.7142857,NA,46.10714286,94.10714286,445.3571429,471.6071429,NA,NA,NA,NA,NA,NA,52.72467018
242,8,2007,8,11.5,15,,0.244416667,29.4965,241.75,1.8575,-18.61232143,-18.61232143,0,35.35714286,NA,177.7142857,NA,24.53571429,27.26714286,26.16428571,0,77.91789286,98.48589286,NA,NA,0.989107143,23.95,24.14285714,333.8214286,1149.785714,436.4642857,NA,44.03571429,85.5,446.6071429,463.7142857,NA,NA,NA,NA,NA,NA,52.92418126
243,9,2007,8,11.5,15,,0.355571429,28.78932143,266,2.811428571,-18.08146429,-18.08146429,0,38.42857143,NA,177.2857143,NA,19.25,27.39610714,26.3275,0,80.75357143,98.47885714,NA,NA,0.834178571,23.45407143,23.50378571,308.6071429,1069.214286,409.2142857,NA,40.35714286,83.10714286,441.2857143,458.75,NA,NA,NA,NA,NA,NA,53.12710699
244,10,2007,8,11.5,15,,0.300407407,28.4215,317.7142857,2.611428571,-13.942,-13.942,0,33.53571429,NA,180.5357143,NA,18.96428571,26.74178571,25.58642857,0,75.42142857,98.84342857,NA,NA,1.075142857,22.861,22.82871429,382.5357143,1247.928571,479.8571429,NA,47.78571429,94.07142857,453.6428571,457,NA,NA,NA,NA,NA,NA,53.33340198
245,11,2007,8,11.5,15,,0.248074074,28.09285714,145.4285714,1.993214286,-18.16996429,-18.16996429,0,42.64285714,NA,187.1785714,NA,22.28571429,26.9275,25.61678571,0,71.65714286,99.10742857,NA,NA,1.2105,22.45364286,22.24653571,374.2857143,1243.5,479.4642857,NA,48.32142857,95.96428571,447.5,456.6071429,NA,NA,NA,NA,NA,NA,53.54301998
246,12,2007,8,11.24137931,15.51724138,,0.274185185,30.22068966,212.5862069,2.172413793,-17.76913793,-17.76913793,0,32.86206897,NA,190.0689655,NA,26.79310345,27.5337931,26.01172414,0,71.28965517,99.11758621,NA,NA,1.440172414,22.14489655,21.69310345,344.4482759,1180.931034,450.6551724,NA,46.93103448,89.17241379,450.5862069,467.4827586,NA,NA,NA,NA,NA,NA,55.40031101
247,13,2007,8,11.5,15,,0.337925926,27.82142857,48.25,2.838928571,-15.30789286,-15.30789286,0,36.71428571,NA,179.6428571,NA,19.10714286,27.10642857,25.795,0,62.425,99.24003571,NA,NA,1.567392857,21.84642857,21.34285714,296.7857143,1245.5,489.5357143,NA,50.57142857,100.8214286,362.8214286,454.5714286,NA,NA,NA,NA,NA,NA,53.97203573
248,14,2007,8,11.66666667,15.55555556,,0.35964,25.11851852,134.6296296,3.382962963,-13.2855,-13.2855,0,33.88,NA,132.1666667,NA,12.03703704,23.40888889,22.95296296,0.162962963,78.34818519,98.78922222,NA,NA,0.832592593,21.43333333,22.92981481,270.6296296,847.3703704,329.8518519,NA,36.11538462,70.42307692,446.2962963,437.4074074,NA,NA,NA,NA,NA,NA,53.64261021
249,15,2007,8,11.5,15,,0.27926087,26.4,86.67857143,2.134642857,-20.41224,-20.41224,0,20.69230769,NA,118.8461538,NA,19.64285714,24.53964286,24.02214286,0.014285714,87.12142857,98.53625,NA,NA,0.534892857,21.60714286,22.28235714,206.0357143,731.75,260.1428571,NA,33.95833333,61.78571429,452.9642857,445.2142857,NA,NA,NA,NA,NA,NA,54.41376729
250,16,2007,8,11.5,15,,0.233684211,25.1,227.9285714,2.2075,0.765571429,0.765571429,0,6.090909091,NA,79.18181818,NA,8.321428571,24.045,23.86321429,0.121428571,95.76785714,98.83242857,NA,NA,0.14875,21.73571429,21.89642857,102.6071429,369.1071429,131.2857143,NA,18.6,32.17857143,438.8928571,435.2142857,NA,NA,NA,NA,NA,NA,54.63927697
251,17,2007,8,11.5,15,,0.243076923,26.04642857,297.5357143,1.930714286,-14.00685714,-14.00685714,0,28.89285714,NA,162.8928571,NA,10.89285714,23.70035714,23.40785714,0,72.53214286,99.28989286,NA,NA,1.053928571,21.7,21.6,352.1785714,1087.392857,422.7142857,NA,44.14285714,87.25,456.8214286,440.0357143,NA,NA,NA,NA,NA,NA,54.86781452
252,18,2007,8,11.5,15,,0.372925926,21.21785714,102.3571429,3.039285714,-12.21344444,-12.21344444,0,27.37037037,NA,118.1111111,NA,1.535714286,20.7425,20.75535714,0.042857143,75.22142857,99.41846429,NA,NA,0.656357143,21.27857143,21.1,198.5357143,638.1071429,251.5,NA,26.77777778,57.78571429,419.8571429,415.1785714,NA,NA,NA,NA,NA,NA,55.09932791
253,19,2007,8,11.5,15,,0.305464286,26.49642857,189.9285714,2.454285714,-11.18385714,-11.18385714,0,15.03571429,NA,86.46428571,NA,24.39285714,23.53785714,22.91392857,0,83.25357143,98.82525,NA,NA,0.608428571,21.36785714,20.87142857,183.1785714,601.25,225.1071429,NA,24.71428571,49.32142857,452.3928571,445.1071429,NA,NA,NA,NA,NA,NA,55.33376431
254,20,2007,8,11.25925926,14.44444444,,0.443294118,25.54444444,210.5925926,3.34037037,-6.725375,-6.725375,0,1.25,NA,118.875,NA,12.7037037,23.99962963,23.61851852,0.377777778,95.38148148,98.4742963,NA,NA,0.166703704,22.84114815,22.59651852,122.4814815,426.9259259,152.7407407,NA,24.08695652,32.66666667,440.3333333,437.8888889,NA,NA,NA,NA,NA,NA,54.5633399
255,21,2007,8,11.5,15,,0.311296296,27.73214286,193.75,2.716071429,-10.646,-10.646,0,32.81481481,NA,109.037037,NA,27.67857143,25.36678571,24.76178571,0.007142857,85.46428571,98.72914286,NA,NA,0.605642857,23.05746429,22.24653571,243.6428571,791.5357143,296.6071429,NA,33.35714286,62.53571429,463.1785714,453.3571429,NA,NA,NA,NA,NA,NA,55.81119084
256,22,2007,8,11.25925926,14.44444444,,0.40537037,30.06303704,203.5185185,3.588148148,-9.779777778,-9.779777778,0,39.25925926,NA,172.6296296,NA,24.66666667,26.11185185,25.43222222,0,71.84077778,98.95951852,NA,NA,1.366074074,22.89655556,21.97777778,357.3703704,1161.555556,432.3333333,NA,49.37037037,87.33333333,478.8148148,466.5555556,NA,NA,NA,NA,NA,NA,55.04501575
257,23,2007,8,11.25925926,14.44444444,,0.499259259,30.50740741,197.4444444,4.169259259,-8.627592593,-8.627592593,0,46.48148148,NA,179.4814815,NA,21,26.32814815,25.59925926,0,66.37777778,98.65225926,NA,NA,1.656037037,22.53737037,21.55185185,369.1481481,1207.407407,449.8148148,NA,53.66666667,92.59259259,481.6666667,469.7777778,NA,NA,NA,NA,NA,NA,55.28988951
258,24,2007,8,11.5,15,,0.495875,27.72142857,194.7857143,3.939285714,-5.1932,-5.1932,0,54.08,NA,110,NA,14.82142857,26.06785714,25.45714286,0.064285714,81.48575,98.40385714,NA,NA,0.832107143,22.04642857,21.13571429,243.4285714,824.6071429,305.1428571,NA,38.57692308,65.57142857,458.1428571,454.1428571,NA,NA,NA,NA,NA,NA,56.5478874
259,25,2007,8,11.5,15,,0.397428571,24.92142857,287.8571429,3.344285714,-2.450821429,-2.450821429,0,47.35714286,NA,108.5357143,NA,3.928571429,23.7175,23.61714286,0,82.07142857,98.69689286,NA,NA,0.618714286,21.76785714,20.94285714,251.4642857,793.0357143,305.0357143,NA,34.21428571,60.53571429,442.3928571,435.5,NA,NA,NA,NA,NA,NA,56.79870868
260,26,2007,8,11.25925926,14.44444444,,0.300481481,24.43703704,59.55555556,2.260740741,-7.686444444,-7.686444444,0,95.18518519,NA,152.0740741,NA,5.333333333,22.71222222,22.34555556,0,63.68148148,99.21922222,NA,NA,1.239222222,21.48518519,20.59259259,396.9259259,1228.592593,476.1481481,NA,54.18518519,90.66666667,446.962963,435.5185185,NA,NA,NA,NA,NA,NA,56.03999053
261,27,2007,8,11.25925926,14.44444444,,0.268038462,26.48148148,105.3703704,2.165925926,-6.350592593,-6.350592593,0,86.48148148,NA,143.2962963,NA,17.14814815,23.33962963,22.52333333,0,60.84814815,99.17077778,NA,NA,1.627555556,21.23333333,20.33711111,393.8518519,1227.074074,470.4444444,NA,55.92592593,89.40740741,460.962963,448.0740741,NA,NA,NA,NA,NA,NA,56.29499566
262,28,2007,8,11.25925926,14.44444444,,0.318,29.926,157.4444444,2.491851852,-4.934666667,-4.934666667,0,82.66666667,NA,142.9259259,NA,26.07407407,25.41925926,24.17481481,0,57.02592593,99.05592593,NA,NA,2.06762963,21.13703704,20.15214815,371.1481481,1176.148148,446.6666667,NA,57.03703704,86.77777778,479.2962963,468.1111111,NA,NA,NA,NA,NA,NA,56.55239053
263,29,2007,8,11.25925926,14.44444444,,0.309192308,30.64444444,272.5555556,2.448888889,-3.202407407,-3.202407407,0,76.25925926,NA,115.5925926,NA,24.33333333,25.85888889,24.58296296,0,60.08888889,99.004,NA,NA,1.997888889,21.00740741,19.99288889,314.5925926,1086.333333,414.9259259,NA,54.74074074,78.37037037,448.1481481,470.0740741,NA,NA,NA,NA,NA,NA,56.8121165
264,30,2007,8,11.5,15,,0.584884615,24.55,129.5,4.934615385,-2.084307692,-2.084307692,0,106.3846154,NA,89.88461538,NA,9,23.75538462,23.11884615,0,60.28846154,99.37326923,NA,NA,1.316538462,20.79230769,19.78865385,396.9230769,1239,487.9230769,NA,64.57692308,96.07692308,443.8076923,438.8846154,NA,NA,NA,NA,NA,NA,55.64185491
265,31,2007,8,11.25925926,14.44444444,,0.470148148,23.21111111,32.07407407,3.488888889,-1.887666667,-1.887666667,0,136.037037,NA,84.92592593,NA,12.85185185,22.34185185,21.57592593,0,59.74444444,99.41503704,NA,NA,1.324851852,20.37066667,19.46707407,388.2962963,1215.888889,478.962963,NA,64.2962963,94.74074074,436.3333333,432.2962963,NA,NA,NA,NA,NA,NA,57.33832365
266,10,2007,9,9.736842105,15.78947368,,0.2680625,24.42105263,130.5789474,1.895789474,2.983631579,2.983631579,0,146.6315789,NA,59.89473684,NA,24.26315789,21.58736842,21.13210526,0,72.34210526,99.00568421,NA,NA,1.058157895,33.92157895,33.68994737,321.1052632,1081,416.6315789,NA,57.36842105,58.26315789,405,442.1052632,NA,NA,NA,NA,NA,NA,54.74341301
267,11,2007,9,11,15,,0.634791667,20.12692308,270.6923077,4.624230769,4.940791667,4.940791667,0,169.5833333,NA,98.91304348,NA,-7.192307692,18.58461538,18.85076923,0.007692308,61.73846154,98.72376923,NA,NA,1.083615385,33.86211538,32.86196154,328.3461538,1175.884615,460.0384615,NA,64.61538462,71.42307692,352.7692308,412.9230769,NA,NA,NA,NA,NA,NA,59.26682886
268,12,2007,9,11.24,15.6,,0.226826087,18.688,301.6,1.5044,1.54688,1.54688,0,171.92,NA,60.24,NA,-1.72,16.1568,16.324,0,48.196,99.30836,NA,NA,1.28888,32.4362,31.95644,299.72,1195.72,481.2,NA,68.4,71.88,295.4,405.28,NA,NA,NA,NA,NA,NA,58.0658141
269,13,2007,9,11.24,15.6,,0.36032,23.396,166.68,2.698,2.24588,2.24588,0,167.08,NA,66.84,NA,21.24,17.414,17.02164,0,42.152,98.97232,NA,NA,1.95352,31.332,31.264,282.28,1183.72,472.92,NA,69.88,75.12,316.6,432,NA,NA,NA,NA,NA,NA,58.35602667
270,14,2007,9,11.24,15.6,,0.58876,19.26404,298.52,4.89,2.64948,2.64948,0,164.28,NA,68.6,NA,2.2,16.7304,16.80288,0,53.128,98.97228,NA,NA,1.13168,30.356,30.772,270.88,1068.88,436.8,NA,66.24,73.44,314.4,406.8,NA,NA,NA,NA,NA,NA,58.64759463
271,15,2007,9,11.65384615,16.15384615,,0.269791667,14.85769231,228.0384615,1.658846154,0.881692308,0.881692308,0,163.4230769,NA,45.23076923,NA,-6.115384615,13.35196154,13.60461538,0,51.43076923,99.89661538,NA,NA,0.972884615,29.05769231,29.85384615,303,1113.384615,458.1153846,NA,68.15384615,73.92307692,304.6538462,385.7692308,NA,NA,NA,NA,NA,NA,61.70836169
272,16,2007,9,11.24,15.6,,0.43864,19.544,153.76,2.8824,1.74316,1.74316,0,176.4,NA,56.56,NA,16.72,15.9696,15.6156,0,46.544,99.58036,NA,NA,1.35496,28.492,29.3,256.48,1041.4,412.32,NA,65.08,68.2,324.96,412.56,NA,NA,NA,NA,NA,NA,59.23451279
273,17,2007,9,9.931034483,15.51724138,,0.564724138,24.09310345,155.6206897,4.218275862,2.88762069,2.88762069,0,123.5862069,NA,43.44827586,NA,25.34482759,18.0037931,17.3862069,0,50.64827586,99.38989655,NA,NA,1.653241379,27.89403448,28.8137931,214.5517241,858.7586207,334.8275862,NA,55.96551724,57.24137931,372.0689655,435.137931,NA,NA,NA,NA,NA,NA,68.70381562
274,18,2007,9,11.24,15.6,,0.54576,27.868,170.88,4.218,3.29596,3.29596,0,150.8,NA,41.76,NA,32.16,20.63924,19.79004,0,56.60004,99.30436,NA,NA,1.84836,27.29248,28.31612,268.48,1070.64,418.48,NA,72.08,73.24,381,457.88,NA,NA,NA,NA,NA,NA,59.82599313
275,19,2007,9,11.24,15.6,,0.30047619,28.06004,232.28,2.0948,1.87772,1.87772,0,119.16,NA,27.64,NA,29.72,21.6252,20.7992,0,61.796,99.3242,NA,NA,1.66068,26.56404,27.60484,213.28,848.96,329,NA,56.68,54.48,395.92,457.12,NA,NA,NA,NA,NA,NA,60.12326094
276,20,2007,9,11.24,15.6,,0.362545455,27.88804,80.56,2.48,2.19416,2.19416,0,132.72,NA,33.68,NA,24.04,22.156,21.4444,0,62.236,99.2602,NA,NA,1.6398,25.9524,26.97232,284.48,912.8,357.88,NA,61.92,60.48,445.52,458.4,NA,NA,NA,NA,NA,NA,60.42144796
277,21,2007,9,11.24,15.6,,0.42072,29.01208,183.8,3.2384,3.27044,3.27044,0,142.28,NA,44.44,NA,23.4,22.1444,21.5436,0,49.796,98.78428,NA,NA,2.29624,25.264,26.2804,289.6,982.36,389.92,NA,69.16,70.08,434.12,464.52,NA,NA,NA,NA,NA,NA,60.7204788
278,22,2007,9,11.24,15.6,,0.37672,25.156,133.6,3.0472,1.82052,1.82052,0,135.44,NA,36.44,NA,9.8,20.1376,19.9532,0,44.064,99.2446,NA,NA,1.96392,24.468,25.376,318.6,1064.48,421.84,NA,74.68,73.84,412.96,442.4,NA,NA,NA,NA,NA,NA,61.02027733
279,23,2007,9,11.24,15.6,,0.41296,28.10804,109.4,3.1268,2.1296,2.1296,0,147.56,NA,25.12,NA,26.6,21.25724,20.4096,0,50.40004,99.41644,NA,NA,2.1308,23.672,24.452,289.72,945.28,372.96,NA,68.12,67.04,444.64,460.88,NA,NA,NA,NA,NA,NA,61.32076661
280,24,2007,9,11.24,15.6,,0.58176,29.45608,173.48,4.4396,3.34044,3.34044,0,124.76,NA,20.88,NA,27.88,23.2916,22.3716,0,61.792,99.10044,NA,NA,1.70448,23.3004,23.88,209.64,817.24,313.28,NA,61.08,56.4,420.4,467.52,NA,NA,NA,NA,NA,NA,61.62186897
281,25,2007,9,11.24,15.6,,0.471791667,25.332,189.72,3.8276,0.510909091,0.510909091,0,38.58333333,NA,57.83333333,NA,15.76,23.108,22.6832,0.008,87.76,98.97256,NA,NA,0.43176,23.0842,23.636,146.6,466.04,173.2,NA,34.92,28.92,442.16,439.96,NA,NA,NA,NA,NA,NA,61.92350595
282,26,2007,9,11.24,15.6,,0.25,17.75604,246.4,2.0316,1.082833333,1.082833333,0,38.25,NA,20.45833333,NA,-7.96,18.8984,19.238,0,93.704,99.00444,NA,NA,0.1464,22.6,23.43248,101.48,319.96,119.48,NA,22.66666667,19.92,400.56,398.76,NA,NA,NA,NA,NA,NA,62.22559835
283,27,2007,9,11.24,15.6,,0.309130435,21.324,232.68,2.088,-0.137791667,-0.137791667,0,143.28,NA,75,NA,6.36,17.7968,17.76924,0,59.348,98.86424,NA,NA,1.32908,22.19616,22.92432,333.12,1042.52,388.28,NA,70.36,59.76,423.16,418.4,NA,NA,NA,NA,NA,NA,62.52806619
284,28,2007,9,11,15,,0.2058,23.675,261.375,1.297083333,1.539208333,1.539208333,0,148.9583333,NA,49.20833333,NA,13.875,17.24416667,16.97208333,0,43.5,99.45016667,NA,NA,1.990666667,21.85416667,22.46279167,361.4583333,1067.333333,416.5416667,NA,69,65.20833333,440.3333333,430.2083333,NA,NA,NA,NA,NA,NA,61.98869753
285,29,2007,9,11,15,,0.564583333,23.94166667,143.625,4.332083333,2.345208333,2.345208333,0,146.875,NA,39.75,NA,19.79166667,17.74541667,17.33625,0,45.05416667,99.78375,NA,NA,1.881125,21.7125,22.04166667,331.3333333,1003.25,396.7083333,NA,67.5,68.16666667,438.4166667,435.6666667,NA,NA,NA,NA,NA,NA,62.29108513
286,30,2007,9,11.24,15.6,,0.70896,25.028,170.4,5.7864,3.24676,3.24676,0,134.44,NA,30.32,NA,20.12,18.1728,17.68164,0,47.096,99.46444,NA,NA,1.87544,21.532,21.696,315.04,963.12,378.8,NA,66.92,66.52,443.36,440.68,NA,NA,NA,NA,NA,NA,63.43691113
